qaccver,saccver,bit_score,score,evalue,length,qlen,slen,plen,int_evalue,pqlen,pident,label
BBa_I731002,P0ADH9,2.76,505,6.82E-64,183,606,198,0.92,64,0.905940594,52.459,0
BBa_K2091001,P86029,1.34,161,1.16E-11,120,720,303,0.5,11,0.5,35,0
BBa_K142006,P06220,1.89,618,3.56E-76,327,1128,354,0.92,76,0.869680851,42.508,0
BBa_K644001,Q59TP1,1.22,260,1.06E-21,213,2682,721,0.3,21,0.238255034,40.845,0
BBa_K2435002,P0DJA2,5.26,2013,0,383,2897,383,1,180,0.39661719,100,1
BBa_K1321367,Q01866,5.35,856,2.90E-105,160,1486,772,0.32,105,0.323014805,99.375,1
BBa_K1137002,P24496,3.38,382,8.68E-48,113,348,106,1.07,48,0.974137931,67.257,0
BBa_K322211,P08659,5.14,2778,0,540,1656,550,0.98,180,0.97826087,99.444,1
BBa_K1831002,Q09707,2.14,416,1.73E-49,194,760,207,0.94,49,0.765789474,46.392,0
BBa_K367003,P13036,5.23,4051,0,774,2328,774,1,180,0.99742268,100,1
BBa_K364001,P48281,5.87,505,4.01E-63,86,258,422,1,63,1,100,1
BBa_K2201011,Q92HV4,1.56,719,1.84E-84,462,2431,511,0.9,84,0.570135747,35.931,0
BBa_K1049000,Q0TFT6,1.84,546,4.13E-65,296,1456,278,1.06,65,0.60989011,43.243,0
BBa_K1903016,Q03JI6,2.7,3800,0,1409,4134,1388,1.02,180,1.022496372,57.275,0
BBa_K2314913,O74237,4.26,1354,0,318,960,322,0.99,180,0.99375,76.73,0
BBa_K2048006,Q1RFJ2,5.33,405,1.05E-45,76,337,1024,0.68,45,0.676557864,100,1
BBa_K1362461,Q95P04,3.14,672,2.94E-88,214,706,221,0.97,88,0.909348442,63.084,0
BBa_K2018029,P16534,3.11,1488,0,479,1440,478,1,180,0.997916667,60.125,0
BBa_K187015,P62578,5.38,1103,3.00E-154,205,662,219,0.94,154,0.929003021,99.024,1
BBa_K1149034,P41773,3.49,1511,0,433,1449,476,0.91,180,0.896480331,70.67,0
BBa_K1981004,B1JLQ2,1.88,587,2.03E-72,312,990,333,0.95,72,0.945454545,43.269,0
BBa_K1403007,Q8MP06,1.13,401,1.84E-42,356,1350,456,0.79,42,0.791111111,30.056,0
BBa_K1054001,Q38039,4.53,412,1.42E-50,91,572,150,0.61,50,0.477272727,83.516,0
BBa_K2510100,Q9GZ28,2.86,574,7.76E-70,201,1490,232,0.87,70,0.404697987,51.741,0
BBa_K1518000,Q63279,1.22,378,1.47E-38,311,1812,403,0.77,38,0.514900662,31.833,0
BBa_K2491002,Q3YZ15,1.5,673,4.96E-77,449,3136,453,0.99,77,0.429528061,34.967,0
BBa_K907000,P03015,0.92,127,6.70E-07,138,1503,193,0.72,7,0.275449102,30.435,0
BBa_K120007,Q694C4,2.02,387,8.55E-43,192,855,383,0.67,43,0.673684211,45.313,0
BBa_K327018,P03034,5.01,1188,1.89E-166,237,750,237,1,166,0.948,100,1
BBa_K380009,A8YYG7,2.13,117,7.64E-08,55,174,436,0.95,8,0.948275862,38.182,0
BBa_K245116,Q9KVX3,4.04,893,1.28E-114,221,660,805,1,114,1.004545455,83.71,0
BBa_K2055069,Q9HV30,2.46,325,2.09E-38,132,417,132,1,38,0.949640288,48.485,0
BBa_C2009,P58300,0.89,326,6.26E-32,367,1428,434,0.85,32,0.771008403,28.065,0
BBa_J64906,B1WYT4,0.99,235,4.60E-20,237,1425,382,0.62,20,0.498947368,32.068,0
BBa_K929202,P13387,3.83,731,4.80E-88,191,1350,703,0.42,88,0.424444444,72.251,0
BBa_K2269021,Q95W11,2.38,533,2.93E-67,224,681,227,0.99,67,0.986784141,45.982,0
BBa_K2277000,P11187,1.32,337,1.29E-36,255,861,258,0.99,36,0.888501742,35.686,0
BBa_I715023,Q9U6Y8,4.04,271,2.70E-30,67,220,225,0.91,30,0.913636364,79.104,0
BBa_K2324001,P13431,1.19,293,4.70E-28,246,1617,299,0.82,28,0.456400742,33.74,0
BBa_K1973008,P10183,5.34,1496,0,280,1948,300,0.93,180,0.431211499,100,1
BBa_K1638021,B1LGH1,5.03,1429,0,284,852,284,1,180,1,100,1
BBa_K1453500,Q8XYE3,1.96,133,3.69E-12,68,496,1245,0.41,12,0.411290323,50,0
BBa_J72006,P20590,0.94,234,4.15E-20,250,1272,359,0.7,20,0.589622642,30.8,0
BBa_K2471002,Q57022,1.78,198,2.16E-16,111,966,250,0.44,16,0.344720497,44.144,0
BBa_K2130002,J7RUA5,0.52,262,2.02E-21,505,4110,1053,0.48,21,0.368613139,25.941,0
BBa_K1616014,Q9C9W9,1.83,219,3.65E-20,120,450,619,0.8,20,0.8,36.667,0
BBa_K801061,B6SCF4,2.38,1340,7.78E-179,562,1665,613,1.01,179,1.012612613,48.221,0
BBa_M45029,Q2UMX6,0.71,376,1.79E-37,533,1803,526,1.01,37,0.886855241,26.079,0
BBa_K1033919,Q95W85,2.6,569,9.30E-73,219,669,227,0.98,73,0.98206278,47.945,0
BBa_K1104301,Q7M426,2.81,118,1.79E-09,42,162,43,0.98,9,0.777777778,57.143,0
BBa_K1537022,P04715,4.58,206,3.31E-21,45,171,180,0.79,21,0.789473684,88.889,0
BBa_K123000,P80306,1.89,180,2.89E-17,95,330,107,0.89,17,0.863636364,38.947,0
BBa_K1720001,Q4ZHR9,5.27,3260,0,619,1860,619,1,180,0.998387097,99.515,1
BBa_K1823004,Q5UB51,4.06,1692,0,417,1478,3390,0.85,180,0.846414073,73.621,0
BBa_K209081,P01114,3.99,662,1.42E-79,166,2445,248,0.67,79,0.203680982,73.494,0
BBa_K1114415,B1J0T5,4.98,284,2.46E-28,57,534,1024,0.32,28,0.320224719,94.737,0
BBa_K1012004,P0AEY0,4.54,118,1.41E-08,26,78,396,1,8,1,100,1
BBa_K1179080,P83690,0.83,156,3.14E-11,189,801,221,0.86,11,0.707865169,28.042,0
BBa_K2322004,P39812,1.88,427,1.13E-45,227,912,1520,0.75,45,0.746710526,37.004,0
BBa_K078005,P9WNW7,0.74,228,1.65E-20,310,885,300,1.05,20,1.050847458,30.645,0
BBa_K1998009,Q5BK18,1.05,455,6.45E-49,434,1688,476,0.91,49,0.771327014,29.032,0
BBa_K2263000,Q9TV66,4.28,2596,0,607,2592,1175,0.7,180,0.702546296,84.02,1
BBa_K357003,A4VQH7,0.82,212,1.24E-18,258,792,265,0.98,18,0.977272727,27.519,0
BBa_K1889006,P33642,0.38,162,9.51E-11,421,1422,364,1.16,11,0.888185654,23.753,0
BBa_K190028,P0AER2,4.8,1348,0,281,846,281,1,180,0.996453901,100,1
BBa_K1955000,A4GCL9,4.92,2702,0,549,1715,566,0.97,180,0.960349854,93.625,1
BBa_K648013,Q8ISF8,1.34,188,1.03E-15,140,735,231,0.61,15,0.571428571,29.286,0
BBa_K1993028,Q5KSK8,1.37,505,1.26E-55,368,2456,365,1.01,55,0.449511401,37.228,0
BBa_K211001,P23267,2.31,690,2.60E-88,299,987,311,0.96,88,0.90881459,50.502,0
BBa_K2387022,Q95P04,3.12,670,1.47E-80,215,2693,221,0.97,80,0.23950984,62.791,0
BBa_K2271107,P35056,5.21,3188,0,612,1839,612,1,180,0.998368679,99.51,1
BBa_K1676110,B0KIT4,4.39,1671,0,381,1145,381,1,180,0.998253275,87.139,1
BBa_K1381017,P04479,3.29,586,1.19E-67,178,1344,626,0.4,67,0.397321429,56.18,0
BBa_K116501,O78428,2.05,480,1.65E-58,234,750,254,0.94,58,0.936,40.171,0
BBa_K1054014,Q9GZ28,1.27,166,3.48E-12,131,1010,232,0.56,12,0.389108911,32.061,0
BBa_K2267027,P33907,1.39,245,1.02E-24,176,573,211,0.92,24,0.921465969,37.5,0
BBa_K1485001,Q8ISF8,2.93,674,2.53E-88,230,740,231,1,88,0.932432432,54.783,0
BBa_K1321002,A3DC27,1.48,145,7.81E-11,98,300,671,0.98,11,0.98,31.633,0
BBa_K2471000,Q1M813,1.08,286,7.55E-29,266,940,263,1.01,29,0.84893617,31.203,0
BBa_K2019003,A1IQ68,0.68,516,5.03E-52,761,3309,1082,0.7,52,0.689936537,29.172,0
BBa_K1989033,A9D857,1.68,207,1.48E-18,123,888,164,0.75,18,0.415540541,40.65,0
BBa_K174012,O31685,2.21,259,1.78E-25,117,932,208,0.56,25,0.376609442,36.752,0
BBa_K1602021,P42212,5.32,1255,1.37E-176,236,738,238,0.99,176,0.959349593,99.153,1
BBa_K1712004,Q9SLA8,3.06,911,6.54E-121,298,933,390,0.96,121,0.958199357,66.443,0
BBa_M45021,Q9U6Y8,4.28,946,5.02E-129,221,871,225,0.98,129,0.76119403,86.878,0
BBa_K1037003,Q6CNR2,1.69,844,2.90E-106,498,1479,523,1.01,106,1.010141988,39.357,0
BBa_K426006,Q8TF47,2.74,320,4.09E-34,117,399,636,0.88,34,0.879699248,51.282,0
BBa_J64718,B0FLN1,1.33,223,1.34E-21,168,609,184,0.91,21,0.827586207,32.738,0
BBa_J100044,P55394,1.57,253,1.91E-25,161,704,208,0.77,25,0.686079545,37.888,0
BBa_K2286001,D4Z2G1,2.21,646,2.81E-82,292,900,296,0.99,82,0.973333333,48.63,0
BBa_K2519000,O82146,3.04,2228,0,734,2224,761,0.99,180,0.990107914,55.177,0
BBa_K2065002,P93209,5.1,1223,5.63E-167,240,1548,260,0.92,167,0.465116279,96.667,1
BBa_K1159014,P83690,0.79,150,1.42E-09,189,2362,221,0.86,9,0.240050804,28.042,0
BBa_K1091005,Q95W85,1.41,181,8.72E-15,128,717,227,0.56,15,0.535564854,31.25,0
BBa_K2000011,O43474,3.78,1308,4.59E-179,346,992,513,1.05,179,1.046370968,85.838,1
BBa_K1298001,Q09023,3.11,929,3.03E-124,299,1017,322,0.93,124,0.8820059,67.893,0
BBa_K108029,Q05092,4.18,573,6.63E-73,137,966,157,0.87,73,0.425465839,77.372,0
BBa_K2499004,P22869,5.24,2650,0,506,1584,527,0.96,180,0.958333333,100,1
BBa_K804014,C5A0C3,5.13,1965,0,383,1152,383,1,180,0.997395833,100,1
BBa_J70601,A5IG23,0.98,396,7.00E-42,405,1293,449,0.94,42,0.939675174,29.136,0
BBa_K116402,Q8FF70,5.16,3552,0,688,2067,688,1,180,0.998548621,99.855,1
BBa_K1621001,P24380,0.87,301,9.41E-28,347,1551,552,0.67,28,0.671179884,28.242,0
BBa_K1179061,Q9U6Y5,0.82,179,3.95E-14,218,893,231,0.94,14,0.732362822,25.229,0
BBa_K912004,P42094,4.98,1903,0,382,1149,382,1,180,0.997389034,100,1
BBa_K1659210,Q619W7,0.49,181,3.69E-13,370,1110,552,1,13,1,23.514,0
BBa_K1122672,P0A9Q8,2.98,2568,0,862,2589,891,1,180,0.998841251,56.381,0
BBa_K2457001,J7RUA5,0.51,260,3.37E-21,505,4251,1053,0.48,21,0.356386733,25.941,0
BBa_K525710,B7NPU7,5.16,3460,0,671,2064,671,1,180,0.975290698,99.553,1
BBa_K1689001,P13129,3.49,1452,0,416,1727,548,0.76,180,0.722640417,65.144,0
BBa_K192001,Q95P04,1.19,152,1.77E-10,128,858,221,0.58,10,0.447552448,30.469,0
BBa_K2201010,Q03JI6,2.76,3863,0,1401,6155,1388,1.01,180,0.682859464,57.744,0
BBa_K864202,A0RCV1,1.59,153,2.82E-12,96,438,147,0.66,12,0.657534247,36.458,0
BBa_K1585200,P31005,3.26,1255,6.16E-172,385,1161,381,1.01,172,0.994832041,60.519,0
BBa_K2403000,P20869,3.75,435,3.39E-55,116,462,116,1,55,0.753246753,91.379,0
BBa_K523030,O33479,3.66,948,1.53E-111,259,2310,1196,0.34,111,0.336363636,77.992,0
BBa_K2408023,Q8RXD5,1.71,311,2.08E-31,182,1609,215,0.85,31,0.339341206,42.308,0
BBa_K2158003,B0V9T8,1.89,623,1.13E-77,329,1032,336,0.98,77,0.956395349,41.337,0
BBa_K2442114,Q00753,0.65,161,1.75E-11,246,879,278,0.88,11,0.839590444,23.577,0
BBa_K2074105,P0A383,1.5,368,1.14E-41,245,789,249,0.98,41,0.931558935,39.184,0
BBa_K209494,Q08495,3.09,108,6.25E-07,35,111,405,0.95,7,0.945945946,62.857,0
BBa_K133139,Q48258,4.82,588,2.63E-69,122,525,1291,0.7,69,0.697142857,91.803,0
BBa_K2110014,B8NPA4,0.71,377,1.46E-37,533,1848,526,1.01,37,0.86525974,26.079,0
BBa_K209005,Q54FF3,2.15,532,1.39E-58,247,1164,1557,0.64,58,0.636597938,48.988,0
BBa_K1966000,Q7WTJ2,1.15,383,3.67E-39,333,2322,353,0.94,39,0.430232558,29.73,0
BBa_K1593209,P37665,2.06,169,1.54E-12,82,1053,219,0.37,12,0.233618234,41.463,0
BBa_K2492003,P0DP35,4.93,724,8.30E-94,147,1398,149,0.99,94,0.315450644,96.599,1
BBa_K1114407,Q1RFJ2,4.98,284,2.04E-28,57,520,1024,0.33,28,0.328846154,94.737,0
BBa_K1129021,P23966,1.38,300,2.61E-30,217,1124,271,0.8,30,0.579181495,34.101,0
BBa_K1979001,Q9C1S9,3.78,151,1.47E-12,40,147,476,0.82,12,0.816326531,70,0
BBa_K112016,P00720,5.22,856,2.10E-118,164,499,164,1,118,0.985971944,98.78,1
BBa_K1122672,P13604,1.8,731,3.01E-87,407,2589,388,1.05,87,0.47161066,40.049,0
BBa_K1074003,A1KJU9,5.28,1504,0,285,858,325,1,180,0.996503497,99.649,1
BBa_K1054016,P62593,5.23,481,6.52E-58,92,824,286,0.33,58,0.334951456,100,1
BBa_K1453503,B2SU53,4.8,394,9.11E-45,82,262,1373,0.94,45,0.938931298,97.561,1
BBa_K323049,Q9U6Y3,1.12,219,5.75E-20,196,723,266,0.81,20,0.813278008,30.102,0
BBa_I723025,P86491,0.71,181,2.93E-13,255,1210,385,0.66,13,0.632231405,27.059,0
BBa_I712667,P0C6F2,5.15,515,1.04E-60,100,303,1435,0.99,60,0.99009901,98,1
BBa_C100015,Q96376,5.05,4391,0,870,2613,870,1,180,0.998851894,100,1
BBa_K731010,P0A9D5,5.31,1449,0,273,839,273,1,180,0.976162098,99.634,1
BBa_K1702000,O31826,1.14,610,4.84E-70,535,1833,549,0.97,70,0.875613748,30.093,0
BBa_K2273034,Q9U6Y3,2.6,567,9.98E-72,218,705,266,0.93,72,0.927659574,53.211,0
BBa_K2372006,Q9I7C2,3.54,2851,0,805,2416,806,1,180,0.999586093,68.323,0
BBa_K2365512,Q40901,2.81,174,3.52E-17,62,231,78,0.81,17,0.805194805,56.452,0
BBa_K1475002,P48620,1.34,438,1.46E-48,327,1131,447,0.87,48,0.867374005,37.309,0
BBa_I742116,Q08291,1.23,308,1.15E-31,251,954,297,0.85,31,0.789308176,34.661,0
BBa_K613017,P21337,2.55,512,1.06E-64,201,621,211,0.97,64,0.971014493,51.244,0
BBa_K1500011,P0AEE9,5.38,1495,0,278,1810,278,1,180,0.460773481,100,1
BBa_K737066,Q9U6Y7,1.47,188,1.08E-15,128,717,232,0.55,15,0.535564854,32.813,0
BBa_K1595021,Q9V297,0.83,317,1.38E-30,383,1395,453,0.85,30,0.823655914,27.676,0
BBa_K809724,Q8N2A0,3.15,296,8.86E-29,94,9148,174,0.54,29,0.03082641,69.149,0
BBa_I12205,P03022,4.8,1350,0,281,907,281,1,180,0.929437707,92.527,1
BBa_K1523025,Q941Z0,1.37,230,2.61E-22,168,666,197,0.85,22,0.756756757,40.476,0
BBa_K1459010,Q8X524,0.88,245,9.58E-22,279,1029,449,0.81,22,0.813411079,31.183,0
BBa_K1462990,Q328C5,4.92,477,8.11E-63,97,294,97,1,63,0.989795918,100,1
BBa_K118022,B3A0S5,2.18,631,3.86E-77,289,1461,327,0.88,77,0.593429158,44.983,0
BBa_K863022,Q96WM9,0.62,311,5.91E-29,500,1586,581,0.95,29,0.945775536,28.6,0
BBa_K1602024,Q9U6Y3,1.57,221,7.11E-20,141,807,266,0.53,20,0.524163569,34.043,0
BBa_K1676114,B1J244,4.44,1692,0,381,1146,381,1,180,0.997382199,88.189,1
BBa_K1900003,Q54001,4.42,2092,0,473,1482,491,0.96,180,0.957489879,88.795,1
BBa_K1673403,P12747,5.35,1032,5.15E-144,193,618,193,1,144,0.936893204,100,1
BBa_K631008,Q5R949,4.14,1905,0,460,1383,460,1,180,0.997830803,98.261,1
BBa_K364321,P79926,1.68,230,1.37E-21,137,498,446,0.83,21,0.825301205,36.496,0
BBa_K2075009,E5AV36,1.26,559,4.41E-61,443,1803,771,0.74,61,0.737104825,37.246,0
BBa_K848001,A9MZF8,4.2,2226,0,530,1611,530,1,180,0.986964618,83.019,1
BBa_K323085,P08046,5.01,446,1.76E-47,89,1608,533,0.17,47,0.166044776,86.517,0
BBa_K177023,Q724L1,5.09,2691,0,529,1590,529,1,180,0.998113208,100,1
BBa_K2201260,Q1QFS0,4.41,2086,0,473,2503,473,1,180,0.566919696,87.526,1
BBa_K2155011,Q8FLD1,5.26,1668,0,317,1220,317,1,180,0.779508197,99.369,1
BBa_K1963005,Q0SXB0,5.44,555,3.52E-71,102,909,102,1,71,0.336633663,100,1
BBa_K1484011,Q9T030,4.03,1234,2.85E-171,306,930,308,0.99,171,0.987096774,74.51,0
BBa_J64703,Q9KCB2,2.64,658,1.96E-85,249,757,257,0.99,85,0.98678996,53.414,0
BBa_K633003,F8DT26,3.47,1381,0,398,1242,423,0.96,180,0.961352657,65.327,0
BBa_K2273074,O05213,4.84,121,5.67E-09,25,75,441,1,9,1,100,1
BBa_K192001,Q95W86,1.15,144,2.24E-09,125,858,227,0.55,9,0.437062937,27.2,0
BBa_K523029,P22073,2.05,957,3.37E-120,466,2430,448,1.04,120,0.575308642,42.489,0
BBa_K2431025,P0A1X7,4.72,1246,4.64E-174,264,879,264,1,174,0.901023891,88.258,1
BBa_K2398016,P00187,3.98,2046,0,514,1561,516,1,180,0.987828315,78.405,1
BBa_K2263002,P52186,5.07,2168,0,428,1293,427,1,180,0.993039443,93.692,1
BBa_K1469004,Q7ADF8,0.84,191,2.94E-16,227,708,222,1.02,16,0.961864407,28.194,0
BBa_K1975001,B2GV06,0.51,167,4.67E-11,328,1575,520,0.63,11,0.624761905,26.524,0
BBa_M50086,Q6GGZ3,1.37,302,1.03E-32,221,675,219,1.01,32,0.982222222,40.724,0
BBa_K1992002,P07018,1.56,759,1.10E-92,486,1662,533,0.91,92,0.877256318,47.531,0
BBa_K1152000,Q9R9I9,2.11,2251,0,1065,3186,2609,1,180,1.002824859,44.038,0
BBa_K426011,P34257,1.11,358,1.96E-38,322,1026,329,0.98,38,0.941520468,31.366,0
BBa_K932003,P0A911,3.69,623,2.57E-73,169,2158,346,0.49,73,0.234939759,76.923,0
BBa_C0177,O87971,1.08,223,9.91E-21,206,729,229,0.9,21,0.847736626,29.612,0
BBa_K1916022,P27050,4.1,172,7.14E-12,42,1296,524,0.1,12,0.097222222,69.048,0
BBa_K1946005,Q8Z333,2,649,2.14E-77,324,1701,441,0.73,77,0.571428571,43.21,0
BBa_K892008,P0AFH8,5.02,1010,1.13E-140,201,606,201,1,140,0.995049505,100,1
BBa_K1509000,O69711,1.62,141,4.34E-11,87,369,120,0.73,11,0.707317073,45.977,0
BBa_K2216001,Q9SAK4,1.69,793,8.51E-99,469,1443,528,0.98,99,0.975051975,39.446,0
BBa_K137005,P06194,2.22,427,2.94E-52,192,585,187,1.03,52,0.984615385,45.833,0
BBa_K209009,P97573,5.11,2368,0,463,1392,1190,1,180,0.997844828,95.68,1
BBa_C100002,Q9AVL9,1.45,558,5.21E-67,384,1095,385,1.05,67,1.052054795,35.938,0
BBa_K1766014,P18392,1.14,315,2.05E-30,277,1416,433,0.64,30,0.586864407,32.491,0
BBa_K1418040,Q8ISF8,0.89,144,1.31E-09,162,723,231,0.7,9,0.67219917,25.926,0
BBa_K1539003,E9RFT1,0.67,218,3.63E-18,324,1170,368,0.88,18,0.830769231,25.926,0
BBa_J119059,P92969,0.9,795,9.12E-90,880,2827,976,0.93,90,0.93385214,28.977,0
BBa_K612008,P0ADA2,5.26,1095,2.49E-153,208,627,208,1,153,0.995215311,100,1
BBa_K2209001,O59648,0.94,461,1.05E-49,489,1817,446,1.1,49,0.807374794,29.857,0
BBa_K371063,P0ABF5,2.21,201,4.64E-18,91,1140,97,0.94,18,0.239473684,65.934,0
BBa_K649302,P60087,2.67,802,2.23E-105,300,978,302,0.99,105,0.920245399,52.333,0
BBa_K1645999,P83690,3.1,666,7.07E-82,215,1996,221,0.97,82,0.323146293,63.256,0
BBa_K1595030,Q66NB7,1.9,691,4.60E-83,363,2031,386,0.94,83,0.536189069,43.802,0
BBa_K398005,P39485,1.67,421,1.52E-49,252,750,261,1.01,49,1.008,37.302,0
BBa_K257001,P15415,0.85,134,2.45E-07,157,1243,434,0.38,7,0.378921963,27.389,0
BBa_K1312003,Q6MDE0,2.73,1110,6.26E-148,406,1466,411,0.99,148,0.830832196,53.202,0
BBa_K1093004,Q9U6Y6,0.98,185,1.41E-15,189,645,229,0.88,15,0.879069767,29.101,0
BBa_K1855000,P0A911,5.5,633,3.39E-79,115,993,346,0.35,79,0.347432024,99.13,1
BBa_K1742003,Q9U6Y6,2.84,610,1.29E-78,215,741,229,0.94,78,0.870445344,53.488,0
BBa_M41000,Q88D09,0.75,209,3.43E-16,278,1479,638,0.56,16,0.563894523,37.05,0
BBa_K1293022,P29024,0.54,145,7.69E-09,271,1320,298,0.91,9,0.615909091,26.568,0
BBa_M45143,Q75LR2,1.43,600,7.16E-71,421,1203,554,1.05,71,1.049875312,36.817,0
BBa_K1088005,Q05587,1.66,181,4.79E-14,109,879,303,0.37,14,0.372013652,35.78,0
BBa_K2389006,P03069,5.18,176,9.05E-14,34,702,281,0.15,14,0.145299145,100,0
BBa_J85008,Q7B8C5,4.87,1217,7.72E-170,250,894,250,1,170,0.838926174,90.4,1
BBa_K1189029,E5AW45,1.05,720,1.67E-79,684,2782,997,0.74,79,0.73759885,36.257,0
BBa_K209452,Q9TX43,3.2,1048,5.21E-138,327,1479,443,0.74,138,0.663286004,64.22,0
BBa_K367006,P13036,5.14,411,2.29E-40,80,2292,774,0.1,40,0.104712042,100,1
BBa_K316012,P13529,2.84,665,1.58E-78,234,717,3141,0.98,78,0.979079498,52.564,0
BBa_K906008,Q9SZZ8,5.04,1518,0,301,933,310,0.97,180,0.967845659,100,1
BBa_K2012007,Q8XCG0,4.75,935,6.76E-125,197,1377,214,0.92,125,0.4291939,99.492,1
BBa_K1795000,Q8DTE3,3.06,4208,0,1375,4113,1345,1.02,180,1.002917578,62.982,0
BBa_K1618002,Q11E01,0.75,130,1.59E-07,173,828,253,0.68,7,0.626811594,28.324,0
BBa_K1114408,Q1RFJ2,4.98,284,2.03E-28,57,540,1024,0.32,28,0.316666667,94.737,0
BBa_K209015,P50942,0.67,219,4.42E-18,325,993,1183,0.98,18,0.981873112,27.077,0
BBa_K1683005,Q9KWV3,2.76,1247,1.13E-167,452,1473,480,0.94,167,0.920570265,60.841,0
BBa_I730001,Q99V48,1.42,304,8.86E-32,214,831,273,0.78,32,0.772563177,35.047,0
BBa_K2513033,O62728,4.4,211,5.67E-22,48,147,202,0.98,22,0.979591837,83.333,0
BBa_K1989036,Q9U6Y7,2.74,608,5.81E-76,222,1217,232,0.96,76,0.547247329,54.955,0
BBa_K1072001,Q99VE0,0.86,309,4.83E-30,359,1305,402,0.89,30,0.825287356,27.019,0
BBa_K1989035,Q53532,2.62,341,5.98E-38,130,894,183,0.71,38,0.436241611,60,0
BBa_K2252001,P38589,3.32,146,1.30E-12,44,321,57,0.77,12,0.411214953,56.818,0
BBa_K1150068,Q927P4,2.61,2451,0,939,2811,1334,1,180,1.002134472,53.887,0
BBa_J70631,P42212,5.39,1271,4.52E-172,236,2066,238,0.99,172,0.342691191,99.153,1
BBa_K2443056,Q325U6,5.29,3019,0,571,1764,572,1,180,0.971088435,99.65,1
BBa_K606037,P39847,2.78,128,1.77E-09,46,141,2555,0.98,9,0.978723404,54.348,0
BBa_I757006,P00374,4.7,385,8.61E-48,82,255,187,0.96,48,0.964705882,87.805,0
BBa_K809308,P83690,3.1,666,3.92E-83,215,1641,221,0.97,83,0.393053016,63.256,0
BBa_K2322001,Q92410,4.14,1934,0,467,1488,478,0.98,180,0.941532258,75.803,0
BBa_J36837,P24017,4.29,510,2.98E-64,119,342,344,1.04,64,1.043859649,81.513,0
BBa_K838000,Q3YU01,4.41,384,1.36E-45,87,853,108,0.81,45,0.305978898,100,1
BBa_K1129003,P10944,1.78,824,5.01E-103,462,1572,508,0.91,103,0.881679389,37.013,0
BBa_K512000,Q57821,0.47,292,1.38E-25,619,2667,728,0.85,25,0.696287964,23.748,0
BBa_K2271067,Q6BM14,1.52,997,1.96E-126,657,1839,603,1.09,126,1.07177814,39.117,0
BBa_K1510000,A0A0N8YGA2,1.2,250,1.02E-23,209,1013,238,0.88,23,0.618953603,29.665,0
BBa_K1454000,O81193,3.14,1787,0,569,1695,590,1.01,180,1.007079646,62.039,0
BBa_I712012,Q9QUN7,1.21,176,2.83E-14,145,456,784,0.95,14,0.953947368,27.586,0
BBa_K1531004,P86273,1.54,276,7.49E-28,179,916,226,0.79,28,0.586244541,54.749,0
BBa_K1218006,C4ZSB0,5.28,1881,0,356,1071,356,1,180,0.99719888,100,1
BBa_K133046,P04949,4.13,442,1.43E-49,107,909,498,0.35,49,0.353135314,94.393,0
BBa_K2280000,P78285,2.14,283,4.86E-31,132,534,165,0.8,31,0.741573034,43.182,0
BBa_K2457001,C9X1G5,0.64,214,1.06E-15,336,4251,1082,0.31,15,0.237120677,27.381,0
BBa_K1159107,O80536,4.75,470,4.22E-54,99,771,524,0.39,54,0.385214008,100,1
BBa_K1129016,Q8H0G0,4.42,1702,0,385,1358,384,1,180,0.850515464,84.935,1
BBa_K1955004,Q9D7P9,1.56,209,1.63E-51,134,2113,423,0.32,51,0.190250828,35.075,0
BBa_K2272018,P58360,5.21,172,6.57E-11,33,3481,848,0.04,11,0.028440103,100,0
BBa_K364318,Q9N4Q7,0.82,147,4.24E-10,179,546,425,0.98,10,0.983516484,21.788,0
BBa_K620001,Q55CT1,1.1,688,7.84E-77,624,3150,667,0.94,77,0.594285714,31.891,0
BBa_K2491005,A0A1L5BUG8,1.88,467,3.28E-51,249,3462,250,1,51,0.215771231,44.578,0
BBa_K1824019,Q95W86,3.49,778,3.72E-104,223,738,227,0.98,104,0.906504065,63.229,0
BBa_K120017,A6VNL0,1.09,278,2.49E-31,255,1903,336,0.76,31,0.401996847,30.196,0
BBa_K2442103,Q05587,1.66,181,4.79E-14,109,879,303,0.37,14,0.372013652,35.78,0
BBa_M36151,P09570,5.01,2617,0,522,1569,522,1,180,0.998087954,99.617,1
BBa_K1650055,P37272,1.08,308,5.75E-31,285,891,419,0.96,31,0.95959596,29.474,0
BBa_K2275003,P22248,4.91,2300,0,468,1407,467,1,180,0.997867804,90.812,1
BBa_K1743014,Q5N4W8,3.6,338,1.06E-40,94,381,125,0.75,40,0.74015748,62.766,0
BBa_K1159018,P08127,4.66,1425,0,306,2026,307,1,180,0.453109576,84.641,1
BBa_K2074023,P21254,1.14,233,8.44E-19,204,2059,633,0.32,19,0.297231666,27.941,0
BBa_K165005,Q9U6Y6,1.01,191,4.08E-16,190,744,229,0.83,16,0.766129032,28.947,0
BBa_J05115,Q7Z7L9,3.8,649,4.99E-81,171,537,614,0.96,81,0.955307263,70.76,0
BBa_K1993012,O97883,3.67,1080,5.15E-146,294,1125,352,0.84,146,0.784,79.252,0
BBa_K1639005,P0A1S2,3.3,452,1.25E-57,137,432,137,1,57,0.951388889,94.161,1
BBa_K1053103,P69170,5.14,663,1.53E-85,129,1283,129,1,85,0.301636789,97.674,1
BBa_K2228002,Q47140,1.48,254,1.84E-26,172,561,172,1,26,0.919786096,32.558,0
BBa_K1997002,Q54P77,1.74,419,2.08E-44,241,1308,551,0.55,44,0.552752294,39.004,0
BBa_K2350004,Q55460,2.22,993,2.84E-130,448,1341,452,1,130,1.002237136,48.438,0
BBa_K2509037,A5IVJ8,1.46,180,1.94E-13,123,918,436,0.4,13,0.401960784,34.146,0
BBa_K324000,Q9CN88,1.36,415,1.88E-46,305,1104,334,0.91,46,0.828804348,34.098,0
BBa_K2324003,P42212,4.79,1141,1.34E-154,238,1617,238,1,154,0.441558442,94.538,1
BBa_K112213,B2U390,5.12,507,2.93E-67,99,300,99,1,67,0.99,100,1
BBa_K1676109,Q9HV37,4.92,1876,0,381,1146,381,1,180,0.997382199,99.213,1
BBa_K1458002,P25874,5.31,1630,0,307,924,307,1,180,0.996753247,100,1
BBa_K209095,P63034,4.75,760,1.99E-100,160,496,400,0.97,100,0.967741935,86.25,0
BBa_J22056,P42212,4.85,1155,2.83E-157,238,1490,238,1,157,0.479194631,96.639,1
BBa_K108028,P22797,1.16,436,5.43E-49,376,1101,375,1.02,49,1.024523161,35.638,0
BBa_J32000,P39165,1.27,505,5.44E-54,398,2991,464,0.86,54,0.399197593,32.412,0
BBa_K1988011,A5U654,2.51,656,3.06E-84,261,904,265,0.98,84,0.866150442,50.192,0
BBa_K642006,Q95W11,3.16,717,5.59E-90,227,1810,227,1,90,0.376243094,60.352,0
BBa_M31507,P69535,4.91,162,1.38E-16,33,108,33,1,16,0.916666667,100,1
BBa_K2198002,P47227,1.61,408,1.08E-46,253,921,277,0.91,46,0.824104235,38.735,0
BBa_K1113701,P22849,4.43,2084,0,470,1419,472,1,180,0.993657505,89.362,1
BBa_K2239013,P83690,0.96,182,6.31E-15,189,738,221,0.86,15,0.768292683,28.042,0
BBa_M1723,P02751,4.26,1164,4.12E-145,273,819,2386,1,145,1,81.685,1
BBa_K2019003,Q99ZW2,0.59,299,7.31E-26,507,3309,1368,0.46,26,0.459655485,26.233,0
BBa_K1458002,P10861,4.31,1340,0,311,924,309,1.01,180,1.00974026,81.672,1
BBa_K1398000,B9FSC8,1.99,719,1.40E-91,362,1065,367,1.02,91,1.01971831,43.646,0
BBa_K1021001,P13250,1.34,343,1.16E-37,256,801,263,0.97,37,0.958801498,38.281,0
BBa_K1354002,P04053,4.51,2298,0,509,1569,509,1,180,0.973231358,86.444,1
BBa_K289005,Q6FJA3,4.57,2574,0,563,1692,564,1,180,0.99822695,88.455,1
BBa_K1497010,P51107,3.7,1192,4.40E-163,322,1062,379,0.91,163,0.90960452,68.634,0
BBa_K1927002,Q9S424,3.34,949,1.23E-128,284,861,286,0.99,128,0.989547038,64.437,0
BBa_M34576,Q63120,1.67,2277,0,1364,14678,1541,0.89,180,0.278784576,37.683,0
BBa_K1031923,P22797,1.15,429,2.34E-47,372,1304,375,0.99,47,0.855828221,35.753,0
BBa_K150002,P62578,5.47,1197,1.66E-168,219,660,219,1,168,0.995454545,100,1
BBa_K2273108,P0A0B2,1.23,723,1.76E-86,589,1758,585,1.01,86,1.005119454,34.465,0
BBa_K525582,C4B644,0.99,404,2.04E-41,407,2448,403,1.01,41,0.49877451,30.713,0
BBa_J92008,P41558,2.54,1294,4.63E-174,510,1560,499,1.02,174,0.980769231,52.549,0
BBa_K292009,Q95MD2,4.04,1108,2.97E-153,274,822,274,1,153,1,87.226,1
BBa_K2016003,B2FJ68,1.54,202,1.04E-19,131,396,153,0.99,19,0.992424242,32.061,0
BBa_K2510009,Q2KJ39,0.85,156,1.80E-10,183,985,328,0.56,10,0.557360406,33.88,0
BBa_K2429001,Q9U6Y5,0.72,122,5.01E-07,170,528,231,0.97,7,0.965909091,22.941,0
BBa_J07018,Q93SE0,0.26,166,1.51E-10,640,2325,614,1.04,10,0.825806452,22.969,0
BBa_K1958002,Q46046,5.07,3029,0,597,1794,597,1,180,0.998327759,91.625,1
BBa_M45189,P0A7C5,5.18,1047,3.02E-146,202,606,202,1,146,1,100,1
BBa_K112219,B7NAR1,5.27,495,1.28E-65,94,285,94,1,65,0.989473684,100,1
BBa_K929102,P01870,3.79,891,6.35E-118,235,1110,323,0.73,118,0.635135135,70.213,0
BBa_M36020,P0ACL6,1.11,227,5.94E-21,204,777,254,0.8,21,0.787644788,33.333,0
BBa_K324000,B8F4D0,1.29,398,7.49E-44,308,1104,340,0.91,44,0.836956522,33.766,0
BBa_K1351036,Q8CNM5,4.79,1136,1.13E-152,237,1855,238,1,152,0.38328841,87.764,1
BBa_K209023,Q9Z2I2,4.62,499,1.01E-65,108,324,108,1,65,1,82.407,0
BBa_K1483000,A9KUT1,1.73,723,1.19E-89,418,1329,459,0.94,89,0.943566591,37.799,0
BBa_K2271060,Q92356,3.04,289,8.25E-34,95,285,121,1,34,1,60,0
BBa_K191008,Q327K2,4.39,382,1.38E-44,87,1053,108,0.81,44,0.247863248,100,1
BBa_K2518000,Q95W11,2.55,550,7.10E-70,216,666,227,0.97,70,0.972972973,48.148,0
BBa_K1807008,Q9KU08,2.59,1274,5.47E-171,492,1542,500,0.98,171,0.957198444,50.813,0
BBa_K2201266,Q56259,4.46,2108,0,473,1809,473,1,180,0.784411277,89.429,1
BBa_J56002,P21823,1.66,886,1.53E-111,535,1668,536,1,111,0.962230216,52.15,0
BBa_K323017,Q95P04,1,190,5.26E-16,190,732,221,0.86,16,0.778688525,27.895,0
BBa_K2365512,O65740,2.93,176,1.88E-17,60,231,74,0.81,17,0.779220779,60,0
BBa_K336051,Q9WX61,5.04,3757,0,745,2238,745,1,180,0.998659517,100,1
BBa_K1998008,Q85AI7,3.32,1186,3.86E-155,357,2055,508,0.7,155,0.521167883,72.549,0
BBa_J45017,P23973,1.34,636,4.84E-75,476,1736,471,1.01,75,0.822580645,32.563,0
BBa_J29031,Q3Z2X5,5.1,449,8.44E-59,88,270,88,1,59,0.977777778,100,1
BBa_K1333200,P75974,0.98,134,3.63E-08,137,843,224,0.61,8,0.487544484,35.036,0
BBa_J56002,P02942,2.13,1181,1.39E-155,555,1668,551,1.01,155,0.998201439,57.658,0
BBa_K1463700,Q44456,2.11,587,1.49E-73,278,888,290,0.96,73,0.939189189,43.525,0
BBa_K530002,P54982,2.44,1255,5.33E-166,515,1751,583,0.88,166,0.882352941,48.738,0
BBa_K116403,P0AAH3,5.11,1313,1.25E-168,257,4673,257,1,168,0.16499037,100,1
BBa_K1916018,Q49166,4.15,448,2.45E-48,108,1353,554,0.24,48,0.239467849,75,0
BBa_K1129005,P51104,1.74,561,5.21E-68,323,1035,360,0.94,68,0.936231884,40.867,0
BBa_K2043010,Q9U6Y6,1.06,203,7.61E-18,192,752,229,0.84,18,0.765957447,30.208,0
BBa_K1583017,Q95W85,3.22,732,2.54E-97,227,699,227,1,97,0.974248927,60.352,0
BBa_K511205,A5UCM9,1.39,422,3.10E-46,304,1467,336,0.9,46,0.621676892,32.895,0
BBa_K764000,Q68X33,0.63,156,8.02E-11,247,765,318,0.97,11,0.968627451,25.911,0
BBa_K808001,P27103,1.44,408,7.89E-46,283,969,336,0.88,46,0.876160991,31.802,0
BBa_K382040,P35812,1.16,198,2.91E-16,170,2160,184,0.92,16,0.236111111,38.235,0
BBa_K902014,Q9GZ28,1.44,189,5.00E-15,131,1232,232,0.56,15,0.318993506,32.061,0
BBa_M11319,Q9ZAE8,3.12,995,9.66E-121,319,6616,320,1,121,0.144649335,63.323,0
BBa_K259001,Q8CW90,0.41,192,1.32E-13,465,2247,760,0.62,13,0.62082777,24.086,0
BBa_K2128011,Q95W85,1.23,158,1.57E-11,128,720,227,0.56,11,0.533333333,29.688,0
BBa_K863022,K7NCS2,0.63,298,3.21E-27,470,1586,622,0.89,27,0.889029004,27.66,0
BBa_K1321092,P26225,2.44,244,2.17E-23,100,456,1045,0.66,23,0.657894737,49,0
BBa_K1779205,P18584,1.6,213,2.69E-16,133,2576,497,0.27,16,0.154891304,39.098,0
BBa_K108000,B1IUU6,5.01,4271,0,853,2562,853,1,180,0.99882904,100,1
BBa_K2306006,J7M799,2.41,532,5.45E-67,221,681,237,0.97,67,0.973568282,62.443,0
BBa_K411100,A5A6N4,5.13,2001,0,390,1173,406,1,180,0.997442455,99.744,1
BBa_I716211,P00649,4.69,507,3.50E-66,108,333,162,0.97,66,0.972972973,84.259,0
BBa_K197028,O32591,0.75,158,4.82E-11,212,672,1300,0.95,11,0.946428571,30.189,0
BBa_K1709000,P55394,1.58,255,4.39E-26,161,609,208,0.79,26,0.793103448,37.888,0
BBa_K892004,Q9U6Y3,1.44,203,1.35E-17,141,720,266,0.59,17,0.5875,31.915,0
BBa_K2481110,Q84KP0,3.42,1150,3.68E-157,336,1044,347,0.97,157,0.965517241,62.798,0
BBa_K209010,P03967,3.3,590,3.44E-77,179,555,187,0.97,77,0.967567568,65.363,0
BBa_K1159003,P09464,4.56,794,2.04E-108,174,522,189,1,108,1,87.931,0
BBa_K2443077,P00573,5.33,4701,0,882,2700,883,1,180,0.98,100,1
BBa_I12201,Q0T007,5.2,1290,7.79E-179,248,1045,329,0.75,179,0.711961722,100,1
BBa_K2020059,A6URQ1,3.4,1047,1.28E-142,308,921,319,1,142,1.003257329,66.234,0
BBa_K2010008,Q83KS1,5.18,611,5.74E-75,118,2083,118,1,75,0.169947192,97.458,1
BBa_K1218013,Q927P4,2.55,3492,0,1371,5080,1334,1.03,180,0.809645669,52.516,0
BBa_K2398513,P62594,4.96,1419,0,286,858,286,1,180,1,98.601,1
BBa_M45031,Q66HF8,2.26,1087,1.10E-142,482,1509,519,0.96,142,0.958250497,47.925,0
BBa_K1458005,Q9X9Q7,0.66,143,8.88E-10,216,681,195,1.11,10,0.95154185,23.148,0
BBa_K094110,Q93P00,4.05,522,1.28E-68,129,390,129,1,68,0.992307692,89.922,0
BBa_K590034,Q1J198,2.27,676,1.41E-85,298,1023,346,0.87,85,0.873900293,44.966,0
BBa_K1093012,Q9GZ28,1.5,197,2.91E-17,131,645,232,0.61,17,0.609302326,32.061,0
BBa_K2346000,Q12599,2.46,983,5.55E-130,399,1221,408,0.98,130,0.98034398,49.373,0
BBa_K627000,P9WQI9,1.06,528,8.46E-56,496,2744,639,0.78,56,0.542274052,30.645,0
BBa_M36264,P12746,1.19,240,5.15E-23,201,720,250,0.84,23,0.8375,30.846,0
BBa_K1855001,P09146,4.54,522,1.49E-62,115,996,350,0.35,62,0.346385542,79.13,0
BBa_K187257,B1ITJ4,5.02,1992,0,397,1217,397,1,180,0.97863599,100,1
BBa_K2056001,Q328F7,5.23,737,4.48E-101,141,426,141,1,101,0.992957746,99.291,1
BBa_K108002,Q8K9L0,1.45,292,3.06E-31,201,660,222,0.91,31,0.913636364,34.826,0
BBa_K655007,Q6GQH4,3.01,265,1.42E-27,88,258,497,1.02,27,1.023255814,59.091,0
BBa_K2271060,P63026,2.09,157,7.13E-14,75,285,116,0.79,14,0.789473684,38.667,0
BBa_K349119,Q95W85,2.36,519,5.94E-65,220,727,227,0.97,65,0.90784044,45.455,0
BBa_K1031410,O68014,1.18,312,7.19E-32,264,1046,304,0.87,32,0.757170172,31.439,0
BBa_K1456026,P0ACT5,3.48,706,3.52E-93,203,765,218,0.93,93,0.796078431,65.025,0
BBa_K590022,O89023,0.42,237,1.58E-19,564,1701,562,1,19,0.994708995,26.596,0
BBa_K2481107,P21687,5.31,2030,0,382,1917,382,1,180,0.597809077,100,1
BBa_K1093029,P0AE20,5.31,1402,0,264,1334,264,1,180,0.593703148,100,1
BBa_K1887000,Q0TUR6,1.93,1326,5.72E-174,688,2004,689,1.03,174,1.02994012,38.227,0
BBa_K1321352,P28623,2.08,221,6.27E-20,106,567,515,0.56,20,0.560846561,42.453,0
BBa_K2433000,C5A6P8,1.15,251,3.37E-22,218,1327,397,0.55,22,0.492840995,35.78,0
BBa_K209023,P18203,5.21,563,1.66E-75,108,324,108,1,75,1,97.222,1
BBa_J100116,Q0K845,1.52,603,3.35E-67,396,2881,493,0.8,67,0.412356821,37.374,0
BBa_K1991004,P02936,4.71,561,2.89E-71,119,441,350,0.81,71,0.80952381,89.076,0
BBa_K1442027,Q9WMX2,5.27,3108,0,590,1776,3010,1,180,0.996621622,99.831,1
BBa_K189001,P68653,2.88,507,2.78E-58,176,2446,182,0.97,58,0.215862633,52.841,0
BBa_K542010,A5I5U9,3.06,468,1.57E-59,153,465,154,0.99,59,0.987096774,56.209,0
BBa_K883404,P10471,3.36,524,3.39E-67,156,627,156,1,67,0.746411483,96.154,1
BBa_J70613,P42212,5.31,1254,1.38E-176,236,736,238,0.991596639,176,0.961956522,99.153,1
BBa_K1892001,P48061,4.62,411,6.01E-51,89,627,93,0.956989247,51,0.425837321,100,1
BBa_K2332315,Q95W86,2.26,492,1.56E-55,218,2493,227,0.960352423,55,0.262334537,47.706,0
BBa_K1104400,P0DJA2,5.26,2013,0,383,1152,383,1,180,0.997395833,100,1
BBa_K1114513,P42212,5.18,1234,8.36E-172,238,1027,238,1,172,0.695228822,97.059,1
BBa_K2220033,P18429,5.14,1094,1.88E-147,213,1689,213,1,147,0.378330373,100,1
BBa_J54002,P24242,1.43,479,3.87E-56,334,1044,336,0.994047619,56,0.959770115,35.629,0
BBa_K845005,P0AEJ4,4.35,1196,1.73E-160,275,1449,450,0.611111111,160,0.569358178,85.818,0
BBa_J45501,P04716,5.41,600,3.91E-81,111,336,111,1,81,0.991071429,100,1
BBa_K1646000,Q6XVN8,4.47,536,6.18E-67,120,1188,121,0.991735537,67,0.303030303,82.5,0
BBa_K1197014,P19618,3.18,1939,0,610,2019,601,1.014975042,180,0.906389302,57.049,0
BBa_K1337001,O34311,1.03,411,3.16E-41,399,1719,800,0.696335079,41,0.696335079,28.822,0
BBa_K731010,Q10S58,2.91,716,1.85E-92,246,839,354,0.879618594,92,0.879618594,52.846,0
BBa_K842008,O87715,1.4,203,2.50E-19,145,504,155,0.935483871,19,0.863095238,33.103,0
BBa_J34802,Q31VY1,5.21,1219,9.97E-166,234,1452,329,0.711246201,166,0.483471074,100,1
BBa_K1420003,P0A216,4.33,286,8.72E-34,66,276,91,0.725274725,34,0.717391304,80.303,0
BBa_K324001,Q05587,1.67,182,4.50E-14,109,924,303,0.359735974,14,0.353896104,35.78,0
BBa_M11315,P37779,1.8,433,1.06E-49,240,1071,292,0.821917808,49,0.672268908,39.167,0
BBa_K2450201,P51560,2.45,493,1.59E-58,201,1359,210,0.957142857,58,0.443708609,48.756,0
BBa_K1842000,P19907,3.47,1243,2.99E-162,358,2949,354,1.011299435,162,0.364191251,63.687,0
BBa_K2018005,Q47502,1.68,296,2.78E-27,176,1500,548,0.352,27,0.352,33.523,0
BBa_K2220021,Q9U6Y3,2.62,571,1.82E-70,218,1092,266,0.819548872,70,0.598901099,53.211,0
BBa_K1114514,Q9U6Y7,1.46,187,5.47E-15,128,1019,232,0.551724138,15,0.376840039,32.813,0
BBa_K1497000,P11651,4.06,885,1.07E-120,218,726,220,0.990909091,120,0.900826446,75.688,0
BBa_K916000,P54294,4.51,1055,1.73E-146,234,705,234,1,146,0.995744681,83.761,0
BBa_K594007,P33883,1.7,170,1.20E-13,100,639,201,0.497512438,13,0.469483568,39,0
BBa_K2332010,O31000,4.64,3061,0,659,2037,935,0.970544919,180,0.970544919,93.93,1
BBa_K130001,P20013,3.25,1209,1.98E-165,372,1119,372,1,165,0.997319035,65.323,0
BBa_J36804,Q8VL13,3.99,2061,0,516,1563,521,0.990403071,180,0.990403071,81.977,1
BBa_K2244005,P0A7C5,4.95,431,5.01E-52,87,717,202,0.430693069,52,0.364016736,96.552,1
BBa_M31115,P69533,4.91,162,1.26E-16,33,102,33,1,16,0.970588235,100,1
BBa_K1611001,P01581,4.04,622,1.55E-81,154,735,156,0.987179487,81,0.628571429,83.766,0
BBa_K200006,P0CL50,3.91,1045,7.72E-144,267,804,267,1,144,0.996268657,73.408,0
BBa_K1043007,P50203,1.99,463,3.02E-56,233,730,248,0.957534247,56,0.957534247,45.494,0
BBa_K349303,P02982,3.45,1356,0,393,1305,399,0.984962406,180,0.903448276,79.389,0
BBa_K1321349,P50400,2.6,263,8.89E-24,101,1044,747,0.290229885,24,0.290229885,49.505,0
BBa_K349011,P0A3Y5,0.91,252,8.07E-24,277,995,264,1.049242424,24,0.835175879,29.964,0
BBa_K2351001,U2UMQ6,5.31,6943,0,1307,3924,1307,1,180,0.999235474,99.923,1
BBa_I766007,P69978,1.86,147,2.40E-10,79,1413,115,0.686956522,10,0.167728238,41.772,0
BBa_K1333109,Q7M1C0,2.09,240,1.10E-25,115,351,145,0.982905983,25,0.982905983,52.174,0
BBa_K1958002,P31891,3.03,1875,0,619,1794,618,1.035117057,180,1.035117057,57.351,0
BBa_K2281002,Q5SBP3,2.89,1698,0,588,3000,574,1.024390244,180,0.588,63.265,0
BBa_M31291,P69536,4.91,157,9.21E-16,32,105,32,1,16,0.914285714,100,1
BBa_K1129014,Q9AVL9,4.18,1610,0,385,1376,385,1,180,0.839389535,80,1
BBa_K1333107,Q3ABL2,0.75,301,5.28E-29,399,1269,391,1.020460358,29,0.943262411,27.569,0
BBa_K603001,Q9AFF7,3.98,928,2.36E-126,233,786,251,0.928286853,126,0.889312977,78.541,0
BBa_K1537021,Q41351,4.56,205,3.57E-21,45,171,180,0.789473684,21,0.789473684,91.111,0
BBa_K1921000,P19833,1.83,462,8.35E-55,252,789,319,0.958174905,55,0.958174905,45.238,0
BBa_M13007,P69533,4.91,162,1.26E-16,33,102,33,1,16,0.970588235,100,1
BBa_K1112002,P50176,1.58,786,4.18E-89,496,4978,611,0.811783961,89,0.298915227,34.879,0
BBa_M33350,P37739,1.04,396,1.88E-38,379,2955,657,0.576864536,38,0.384771574,29.815,0
BBa_K1583112,Q9U6Y6,1.06,204,6.82E-17,192,1521,229,0.838427948,17,0.378698225,30.208,0
BBa_K090000,E9NA96,0.37,149,5.56E-09,402,1194,947,1.010050251,9,1.010050251,20.647,0
BBa_K896917,Q9VH08,5.16,1600,0,310,2089,317,0.977917981,180,0.445189086,95.806,1
BBa_J32018,P45385,2.29,660,2.94E-75,288,1257,1545,0.687350835,75,0.687350835,46.528,0
BBa_K2003010,P11404,2.34,314,1.81E-36,134,462,133,1.007518797,36,0.87012987,48.507,0
BBa_K2055007,P06220,1.93,631,2.58E-78,327,1086,354,0.923728814,78,0.903314917,43.119,0
BBa_K1150067,Q99ZW2,5.03,2412,0,480,2715,1368,0.53038674,180,0.53038674,100,1
BBa_K2398018,P15415,0.88,138,8.80E-08,157,1358,434,0.361751152,8,0.346833579,28.025,0
BBa_K1731001,P30406,5.17,445,7.76E-56,86,641,110,0.781818182,56,0.4024961,98.837,1
BBa_K1510011,Q3Z2J8,5.25,619,1.20E-78,118,1367,118,1,78,0.258961229,99.153,1
BBa_K2451014,P19734,1.29,432,3.06E-45,334,3421,353,0.946175637,45,0.292896814,31.138,0
BBa_K2075024,P74750,3.8,391,6.22E-44,103,336,1355,0.919642857,44,0.919642857,68.932,0
BBa_K2346002,Q01710,4.84,2790,0,577,1923,634,0.910094637,180,0.900156006,86.828,1
BBa_K1350007,P07982,2.76,1163,4.36E-157,422,1233,418,1.02676399,157,1.02676399,60.19,0
BBa_J70582,Q95P04,1.48,190,5.02E-16,128,747,221,0.57918552,16,0.514056225,31.25,0
BBa_K642000,P0ACT5,3.48,706,2.08E-90,203,1326,218,0.931192661,90,0.459276018,65.025,0
BBa_K1131006,P21686,1.01,164,4.74E-11,163,1248,431,0.391826923,11,0.391826923,29.448,0
BBa_K215251,I2BAK7,4.25,502,5.43E-62,118,495,355,0.715151515,62,0.715151515,80.508,0
BBa_K883503,P09512,4.36,763,4.42E-102,175,858,175,1,102,0.611888112,93.143,0
BBa_K1916016,P20533,5.55,261,7.21E-23,47,1302,699,0.108294931,23,0.108294931,100,0
BBa_K1810000,Q97UA2,1.35,388,2.67E-43,287,962,310,0.925806452,43,0.895010395,31.359,0
BBa_K1611004,P01786,3.74,460,3.79E-57,123,801,117,1.051282051,57,0.460674157,68.293,0
BBa_K357001,P42428,2.01,725,3.72E-92,361,1122,372,0.970430108,92,0.965240642,42.936,0
BBa_J05101,Q9UEG4,3.48,331,7.20E-36,95,334,869,0.853293413,36,0.853293413,66.316,0
BBa_K2065004,P42653,4.77,1155,1.11E-156,242,1548,261,0.927203065,156,0.468992248,90.083,0
BBa_K909002,P41406,3.93,1074,2.48E-138,273,2235,450,0.606666667,138,0.366442953,80.952,0
BBa_K592011,Q9U6Y7,2.44,535,1.85E-67,219,702,232,0.943965517,67,0.935897436,47.489,0
BBa_K133064,Q2EEY0,4.11,794,1.09E-98,193,585,1031,0.98974359,98,0.98974359,89.119,0
BBa_K1880000,Q6SKG1,1.03,485,8.62E-53,469,1563,580,0.900191939,53,0.900191939,27.719,0
BBa_K594002,Q1RGC4,5.03,1825,0,363,1092,364,0.997252747,180,0.997252747,99.725,1
BBa_K2242180,Q9Y6Z9,1.88,487,5.97E-59,259,873,255,1.015686275,59,0.890034364,47.49,0
BBa_K2114020,P08515,4.95,1080,5.30E-148,218,1143,218,1,148,0.572178478,100,1
BBa_K1469001,O57424,4.74,2615,0,552,1659,552,1,180,0.998191682,93.297,1
BBa_K1054023,Q9U6Y7,1.46,187,7.91E-15,128,1175,232,0.551724138,15,0.326808511,32.813,0
BBa_K2128011,Q9U6Y3,1.36,192,4.85E-16,141,720,266,0.5875,16,0.5875,31.915,0
BBa_K1159014,Q95P04,1.22,156,2.49E-10,128,2362,221,0.57918552,10,0.16257409,31.25,0
BBa_K861100,Q8Z291,4.69,4085,0,871,2619,874,0.997709049,180,0.997709049,88.289,1
BBa_K2443045,B7L9L7,5.43,2995,0,552,1713,554,0.996389892,180,0.966725044,100,1
BBa_K511701,Q4R562,3.6,1486,0,413,1893,410,1.007317073,180,0.65451664,77.724,0
BBa_K1846000,P03744,2.17,562,7.40E-64,259,945,1026,0.822222222,64,0.822222222,54.054,0
BBa_K2043010,Q95W85,1.41,180,1.36E-14,128,752,227,0.563876652,14,0.510638298,31.25,0
BBa_J29050,P0CV94,1.73,855,5.17E-107,494,1704,519,0.951830443,107,0.86971831,39.879,0
BBa_K539513,Q3BV41,0.92,144,8.56E-10,156,543,455,0.861878453,10,0.861878453,31.41,0
BBa_K1159100,P13529,2.8,655,3.32E-77,234,708,3141,0.991525424,77,0.991525424,52.137,0
BBa_K120008,Q7YR23,2.01,383,2.53E-42,191,843,370,0.679715302,42,0.679715302,45.026,0
BBa_K559001,Q48315,2.73,536,8.07E-67,196,728,276,0.807692308,67,0.807692308,59.694,0
BBa_K1922003,O36006,4.23,1661,0,393,1182,391,1.00511509,180,0.997461929,85.242,1
BBa_K809312,Q9GZ28,2.27,502,1.10E-58,221,1632,232,0.952586207,58,0.40625,48.416,0
BBa_J212006,B0Y8K2,2.98,1557,0,523,2877,532,0.983082707,180,0.54535975,58.509,0
BBa_K2252003,Q9U6Y8,2.68,574,4.34E-72,214,975,225,0.951111111,72,0.658461538,55.14,0
BBa_K737002,Q1CHP3,4.63,1853,0,400,1203,400,1,180,0.997506234,88.5,1
BBa_K650005,P62215,3.07,989,1.12E-132,322,1092,338,0.952662722,132,0.884615385,66.77,0
BBa_K1194005,P35327,4.21,1053,7.45E-144,250,1061,250,1,144,0.706880302,75.6,0
BBa_K309004,Q8ISF8,1.34,187,1.59E-14,140,1671,231,0.606060606,14,0.251346499,29.286,0
BBa_K365014,Q32JJ4,5.2,1892,0,364,3486,424,0.858490566,180,0.313253012,100,1
BBa_K2116030,P21703,1.22,127,5.00E-07,104,1539,186,0.559139785,7,0.202729045,34.615,0
BBa_K2003011,Q05423,2.82,387,1.14E-47,137,456,132,1.037878788,47,0.901315789,57.664,0
BBa_K1657007,P76112,1.27,203,1.14E-17,160,1044,172,0.930232558,17,0.459770115,32.5,0
BBa_K343001,Q9XT71,1.38,794,4.39E-97,577,1863,533,1.082551595,97,0.929146538,34.142,0
BBa_K255000,P42212,4.89,1164,9.52E-157,238,1872,238,1,157,0.381410256,96.639,1
BBa_M36412,P52747,2.61,455,4.60E-47,174,2025,638,0.272727273,47,0.257777778,47.126,0
BBa_K1131006,P18569,0.91,172,5.97E-12,188,1248,506,0.451923077,12,0.451923077,29.255,0
BBa_K764007,Q03084,0.92,197,1.23E-16,214,741,275,0.866396761,16,0.866396761,27.57,0
BBa_K2055069,P0A9G5,4.99,668,1.35E-90,134,417,135,0.992592593,90,0.964028777,91.791,0
BBa_K1903002,Q9CLT2,0.62,211,2.32E-15,339,4400,1056,0.321022727,15,0.231136364,25.959,0
BBa_K1031111,P12626,2.1,683,1.09E-80,326,1888,533,0.61163227,80,0.518008475,44.172,0
BBa_M39904,Q8HXV2,4.92,236,1.25E-25,48,345,110,0.436363636,25,0.417391304,100,1
BBa_K187419,Q8X7B7,5.03,2273,0,452,1382,453,0.997792494,180,0.981186686,97.788,1
BBa_C0160,Q7B8C3,4.87,1217,1.28E-170,250,756,250,1,170,0.992063492,90.4,1
BBa_K2110010,P00726,2.53,339,3.21E-40,134,438,153,0.917808219,40,0.917808219,54.478,0
BBa_K2398527,P62593,4.77,1364,0,286,858,286,1,180,1,98.601,1
BBa_K199123,Q44058,1.77,305,1.49E-33,172,606,207,0.851485149,33,0.851485149,33.721,0
BBa_K1886004,P26762,0.71,281,5.74E-24,394,2733,1238,0.432491767,24,0.432491767,26.396,0
BBa_I757006,Q920D2,4.98,408,2.53E-51,82,255,187,0.964705882,51,0.964705882,93.902,0
BBa_K1909004,Q9HC29,1.72,532,1.24E-59,309,969,1040,0.956656347,59,0.956656347,41.748,0
BBa_K1132012,B1X018,3.46,827,6.50E-104,239,2403,246,0.971544715,104,0.298377029,64.854,0
BBa_K220003,Q6AY63,0.95,188,1.90E-16,197,555,219,1.064864865,16,1.064864865,33.503,0
BBa_K1694005,P06329,4.66,405,8.14E-50,87,582,120,0.725,50,0.448453608,87.356,0
BBa_K174010,Q06067,0.95,332,2.42E-31,349,1818,608,0.575907591,31,0.575907591,30.086,0
BBa_K2110013,P19833,1.84,463,1.25E-54,252,885,319,0.854237288,54,0.854237288,45.238,0
BBa_K590003,Q01465,0.49,157,3.60E-10,318,1439,337,0.943620178,10,0.662960389,25.472,0
BBa_K112624,P0A9E1,5.15,1505,0,292,2685,292,1,180,0.326256983,100,1
BBa_K2020055,Q57834,5.01,1533,0,306,921,306,1,180,0.996742671,97.059,1
BBa_K199143,P55394,1.57,252,1.62E-25,161,632,208,0.774038462,25,0.764240506,37.888,0
BBa_K2074103,Q06117,0.72,506,4.08E-54,703,1960,652,1.078220859,54,1.076020408,28.592,0
BBa_K1916020,O33149,3.96,440,5.51E-48,111,1299,473,0.256351039,48,0.256351039,72.072,0
BBa_K2020053,Q6M0K7,3.58,1100,1.00E-150,307,921,319,1,150,1,68.404,0
BBa_K2029002,P18429,4.9,1034,4.21E-143,211,774,213,0.990610329,143,0.817829457,100,1
BBa_K2073002,Q32IV5,4.45,565,2.99E-75,127,381,127,1,75,1,98.425,1
BBa_K826007,O31250,1.93,593,1.05E-71,307,1149,408,0.80156658,71,0.80156658,39.088,0
BBa_K209077,Q01968,1.9,578,1.24E-60,305,2952,901,0.338512764,60,0.30995935,40.328,0
BBa_M33352,Q8D5Z6,0.87,386,9.98E-37,442,2937,857,0.515752625,37,0.451481103,29.638,0
BBa_M11057,P37334,2.3,372,3.76E-44,162,549,188,0.885245902,44,0.885245902,47.531,0
BBa_K1023015,Q0C8M2,5.09,1303,0,256,774,256,1,180,0.992248062,100,1
BBa_K1453502,Q56830,4.62,319,6.61E-35,69,219,1102,0.945205479,35,0.945205479,91.304,0
BBa_K669005,Q2YKJ5,0.41,177,4.11E-12,435,1758,615,0.742320819,12,0.742320819,22.529,0
BBa_K539119,P54974,2.07,781,3.82E-100,377,1152,386,0.981770833,100,0.981770833,45.358,0
BBa_K187415,A4TJ65,3.59,1191,1.39E-160,332,1619,332,1,160,0.615194565,77.41,0
BBa_K881002,Q71UH6,4.99,729,2.55E-95,146,1254,149,0.979865772,95,0.349282297,97.26,1
BBa_K1492001,O33479,3.65,945,2.90E-117,259,984,1196,0.789634146,117,0.789634146,77.992,0
BBa_K1463750,P39064,0.52,126,7.38E-07,242,927,242,1,7,0.783171521,25.62,0
BBa_K112622,P35483,3.83,1696,0,443,2770,476,0.930672269,180,0.479783394,74.492,0
BBa_J119056,P07659,4.43,3910,0,883,2827,884,0.998868778,180,0.937035727,81.88,1
BBa_K156009,Q8ISF8,1.78,390,8.53E-45,219,864,231,0.948051948,45,0.760416667,37.9,0
BBa_K1321091,A3DC27,1.48,145,3.81E-10,98,447,671,0.657718121,10,0.657718121,31.633,0
BBa_K1640008,P92277,4.85,165,4.64E-15,34,488,34,1,15,0.209016393,100,0
BBa_K1189031,P62593,5.05,1444,0,286,3574,286,1,180,0.240067152,99.301,1
BBa_K116402,Q8ZCX2,4.55,3130,0,688,2067,687,1.001455604,180,0.998548621,86.919,1
BBa_K2417005,P01311,2.65,233,1.93E-24,88,486,110,0.8,24,0.543209877,56.818,0
BBa_K1846006,Q39VQ1,1.09,139,4.10E-09,128,714,201,0.63681592,9,0.537815126,31.25,0
BBa_K156010,Q9U6Y6,1.04,193,1.54E-16,185,720,229,0.807860262,16,0.770833333,29.73,0
BBa_K1993001,P47774,4.24,1602,0,378,1137,378,1,180,0.997361478,86.772,1
BBa_K2486115,P04142,3.27,121,5.28E-10,37,114,63,0.973684211,10,0.973684211,48.649,0
BBa_K1054011,P0A9Z9,3.44,310,5.42E-35,90,303,286,0.891089109,35,0.891089109,64.444,0
BBa_K2354004,Q99044,3.87,1976,0,511,1557,520,0.984585742,180,0.984585742,78.082,0
BBa_K1686046,Q8Z291,0.97,429,6.69E-43,443,1965,874,0.676335878,43,0.676335878,28.894,0
BBa_K209092,P15064,3.65,595,4.65E-69,163,4842,189,0.862433862,69,0.100991326,72.393,0
BBa_K108018,P14611,4.81,1889,0,393,1997,393,1,180,0.590385578,100,1
BBa_K1914000,P83690,1.03,229,1.00E-21,222,717,221,1.004524887,21,0.928870293,24.775,0
BBa_K805012,P48790,0.61,214,1.08E-17,349,996,473,1.051204819,17,1.051204819,28.08,0
BBa_K1780012,P69406,5.28,1092,6.06E-153,207,624,207,1,153,0.995192308,100,1
BBa_K2477005,P25096,2.03,405,7.28E-49,200,567,202,1.058201058,49,1.058201058,43.5,0
BBa_K1080009,P26170,1.28,370,3.02E-40,289,1050,304,0.950657895,40,0.825714286,31.142,0
BBa_K613020,P0ACT5,3.39,689,2.16E-91,203,621,218,0.980676329,91,0.980676329,64.039,0
BBa_K1334015,Q08911,3.14,1168,3.47E-159,372,1095,376,1.019178082,159,1.019178082,61.29,0
BBa_K2220007,Q9LV34,3.34,1618,0,484,1929,501,0.966067864,180,0.752721617,60.537,0
BBa_I742110,Q93X23,2.87,1562,0,544,1671,597,0.976660682,180,0.976660682,54.779,0
BBa_M45905,P60878,4.82,289,8.12E-30,60,961,206,0.291262136,30,0.187304891,96.667,0
BBa_K2013002,P19833,1.84,463,3.07E-54,252,957,319,0.789968652,54,0.789968652,45.238,0
BBa_K2055469,Q9I1S2,3.25,1503,0,463,2996,464,0.997844828,180,0.463618158,66.091,0
BBa_I711004,P06845,2.46,677,1.90E-85,275,1295,274,1.003649635,85,0.637065637,56,0
BBa_K1884003,Q9M9E8,0.73,147,6.40E-09,201,999,943,0.603603604,9,0.603603604,27.363,0
BBa_K836001,P67207,1.33,599,3.83E-71,449,1380,445,1.008988764,71,0.976086957,32.517,0
BBa_K1381004,P54293,2.37,577,2.95E-73,243,753,249,0.975903614,73,0.96812749,45.679,0
BBa_K525311,Q54P77,2.05,745,1.10E-84,363,4062,551,0.658802178,84,0.268094535,41.873,0
BBa_J29029,P44469,3.13,1906,0,608,1905,651,0.957480315,180,0.957480315,59.046,0
BBa_K349108,P75974,0.96,134,2.35E-08,139,725,224,0.620535714,8,0.575172414,34.532,0
BBa_K1093030,P42212,4.87,1160,3.36E-160,238,1095,238,1,160,0.652054795,97.479,1
BBa_K1489002,P24017,4.33,519,8.17E-65,120,464,344,0.775862069,65,0.775862069,80.833,0
BBa_K563016,P42346,1.92,4289,0,2235,8118,2549,0.876814437,180,0.82594235,42.908,0
BBa_K1450004,Q8VWF8,0.86,757,5.34E-84,880,2948,1020,0.895522388,84,0.895522388,28.636,0
BBa_K804002,B1ITJ5,4.75,1272,2.19E-178,268,807,268,1,178,0.996282528,100,1
BBa_M45011,A1KYZ2,3.88,1025,1.25E-140,264,792,284,1,140,1,91.667,0
BBa_K1675001,P0AFA7,4.35,2234,0,513,1542,513,1,180,0.998054475,100,1
BBa_K2281006,Q9FUP0,4.1,1533,0,374,1200,391,0.956521739,180,0.935,76.738,0
BBa_K797003,P05821,4.91,221,6.44E-23,45,601,45,1,23,0.224625624,97.778,0
BBa_K209484,Q95247,3.04,921,1.05E-120,303,1218,401,0.755610973,120,0.746305419,67.987,0
BBa_K606046,Q06067,0.95,332,2.42E-31,349,1818,608,0.575907591,31,0.575907591,30.086,0
BBa_K1797014,P03702,5.34,737,7.70E-97,138,1208,138,1,97,0.342715232,100,1
