"iGEM_ID";"Regulondb_id";"Promoter_Locus";"Part_Locus"
"BBa_I12210";"ECK120010040";"39---75";"34---70"
"BBa_I14032";"ECK120010291";"23---59";"1---37"
"BBa_I716014";"ECK125137311";"81---1";"66---146"
"BBa_I718018";"ECK120010360";"1---81";"1---81"
"BBa_I731004";"ECK120010548";"1---81";"1---81"
"BBa_I732200";"ECK120010130";"25---81";"61---117"
"BBa_I739107";"ECK120010130";"53---81";"43---71"
"BBa_I741015";"ECK120010746";"73---1";"1---73"
"BBa_I741015";"ECK120010754";"1---81";"215---295"
"BBa_I741017";"ECK120010746";"1---75";"228---302"
"BBa_I741017";"ECK120010754";"81---1";"6---86"
"BBa_I741018";"ECK120010754";"1---81";"135---215"
"BBa_I741019";"ECK120010746";"75---1";"1---75"
"BBa_I741020";"ECK120010754";"1---81";"105---185"
"BBa_I741021";"ECK120010746";"75---1";"1---75"
"BBa_I742124";"ECK120010042";"81---1";"45---125"
"BBa_I751502";"ECK120010130";"54---81";"47---74"
"BBa_I761001";"ECK120010572";"22---81";"1---60"
"BBa_I761011";"ECK120010572";"22---81";"234---293"
"BBa_J01006";"ECK120009865";"1---58";"2---59"
"BBa_J03007";"ECK120011030";"1---81";"92---172"
"BBa_J04700";"ECK120010042";"1---81";"79---159"
"BBa_J04800";"ECK120010042";"1---81";"79---159"
"BBa_J04900";"ECK120010042";"1---81";"79---159"
"BBa_J07019";"ECK120010548";"1---81";"1---81"
"BBa_J100029";"ECK120010384";"1---61";"16---76"
"BBa_J100030";"ECK120011010";"1---61";"16---76"
"BBa_J100032";"ECK120010370";"1---60";"31---90"
"BBa_J100033";"ECK120010272";"1---81";"17---97"
"BBa_J100036";"ECK120015389";"11---62";"1---52"
"BBa_J100039";"ECK120010123";"1---65";"11---75"
"BBa_J100067";"ECK120011027";"1---81";"1---81"
"BBa_J100068";"ECK120011027";"1---61";"1---61"
"BBa_J100071";"ECK120010564";"1---60";"275---334"
"BBa_J100072";"ECK120015953";"81---1";"269---349"
"BBa_J100073";"ECK120010879";"1---65";"30---94"
"BBa_J100075";"ECK120010168";"1---68";"91---158"
"BBa_J100076";"ECK120010168";"1---61";"91---151"
"BBa_J100093";"ECK120009865";"11---70";"1---60"
"BBa_J100094";"ECK120010040";"32---75";"1---44"
"BBa_J100099";"ECK120010168";"1---60";"5---64"
"BBa_J100124";"ECK120010268";"1---59";"8---66"
"BBa_J100125";"ECK125231216";"25---81";"1---57"
"BBa_J100175";"ECK120010218";"3---60";"1---58"
"BBa_J100184";"ECK120033261";"9---56";"5---52"
"BBa_J100231";"ECK120035113";"5---60";"1---56"
"BBa_J100232";"ECK120010445";"14---61";"4---51"
"BBa_J100233";"ECK120010521";"5---61";"1---56"
"BBa_J100235";"ECK120010108";"5---60";"1---56"
"BBa_J100242";"ECK125236779";"3---57";"5---59"
"BBa_J100243";"ECK120035103";"20---73";"1---54"
"BBa_J100244";"ECK120010143";"13---72";"1---60"
"BBa_J100249";"ECK120010107";"6---56";"10---60"
"BBa_J100250";"ECK120010144";"19---64";"2---47"
"BBa_J100298";"ECK120010116";"7---60";"1---54"
"BBa_J100299";"ECK120010274";"26---61";"12---47"
"BBa_J100300";"ECK120009974";"47---81";"1---35"
"BBa_J100302";"ECK120009899";"54---81";"1---28"
"BBa_J100305";"ECK120010532";"5---60";"1---56"
"BBa_J100326";"ECK120010572";"11---46";"1---36"
"BBa_J100330";"ECK120010572";"46---81";"1---36"
"BBa_J100386";"ECK120010370";"23---60";"5---42"
"BBa_J100387";"ECK120010273";"14---63";"5---54"
"BBa_J100394";"ECK120010144";"7---61";"1---55"
"BBa_J119123";"ECK120010144";"21---69";"1---49"
"BBa_J119404";"ECK120010532";"21---60";"1---40"
"BBa_J119405";"ECK120010532";"34---61";"8---35"
"BBa_J119407";"ECK120010532";"21---49";"1---29"
"BBa_J119408";"ECK120010532";"21---61";"1---41"
"BBa_J13210";"ECK120010573";"1---81";"151---231"
"BBa_J153001";"ECK120010130";"40---81";"15---56"
"BBa_J153002";"ECK120010130";"40---81";"71---112"
"BBa_J153002";"ECK120034213";"49---2";"25---72"
"BBa_J15301";"ECK120010685";"1---54";"74---127"
"BBa_J15502";"ECK120009946";"81---1";"104---184"
"BBa_J15502";"ECK125236169";"1---65";"223---287"
"BBa_J202000";"ECK120010108";"1---74";"52---124"
"BBa_J202001";"ECK120010108";"1---74";"52---124"
"BBa_J202002";"ECK120010108";"1---74";"52---124"
"BBa_J202003";"ECK120010108";"1---74";"52---124"
"BBa_J202004";"ECK120010108";"1---74";"52---124"
"BBa_J202005";"ECK120010108";"1---74";"52---124"
"BBa_J202006";"ECK120010108";"1---74";"52---124"
"BBa_J202007";"ECK120010108";"1---74";"52---124"
"BBa_J202008";"ECK120010108";"2---74";"53---124"
"BBa_J202009";"ECK120010108";"3---74";"54---124"
"BBa_J202010";"ECK120010108";"1---74";"52---124"
"BBa_J202011";"ECK120010108";"1---74";"52---124"
"BBa_J202012";"ECK120010108";"1---74";"52---124"
"BBa_J202013";"ECK120010108";"1---74";"52---124"
"BBa_J202014";"ECK120010108";"3---74";"54---124"
"BBa_J22052";"ECK120010114";"8---72";"1---65"
"BBa_J22086";"ECK120049216";"1---81";"40---120"
"BBa_J22106";"ECK120011019";"9---81";"1---73"
"BBa_J22126";"ECK120011019";"9---81";"1---73"
"BBa_J31013";"ECK120010042";"81---1";"42---122"
"BBa_J3102";"ECK120010108";"1---74";"52---124"
"BBa_J31020";"ECK120010108";"1---74";"52---124"
"BBa_J33100";"ECK120010685";"1---81";"43---123"
"BBa_J34806";"ECK120010042";"1---81";"17---97"
"BBa_J34809";"ECK120010040";"23---73";"61---111"
"BBa_J44002";"ECK120010108";"74---1";"7---79"
"BBa_J45503";"ECK120010657";"1---81";"132---212"
"BBa_J45503";"ECK125238588";"1---81";"207---287"
"BBa_J45504";"ECK120010297";"1---81";"210---290"
"BBa_J45992";"ECK120010473";"1---59";"141---199"
"BBa_J45993";"ECK120010473";"3---59";"1---57"
"BBa_J48104";"ECK120010762";"29---68";"1---40"
"BBa_J54016";"ECK120010291";"23---59";"18---54"
"BBa_J54120";"ECK120010556";"22---61";"6---45"
"BBa_J54130";"ECK120010182";"41---1";"6---46"
"BBa_J54200";"ECK120010291";"23---59";"14---50"
"BBa_J56012";"ECK125240283";"1---77";"281---357"
"BBa_J56015";"ECK120010291";"23---79";"1---57"
"BBa_J61043";"ECK120011038";"1---81";"139---219"
"BBa_J61054";"ECK120020543";"8---61";"3---53"
"BBa_J64951";"ECK120010546";"1---81";"1---81"
"BBa_J64979";"ECK120010268";"1---61";"91---151"
"BBa_J70576";"ECK120010042";"1---81";"45---125"
"BBa_J70585";"ECK120010328";"10---63";"1---54"
"BBa_J70586";"ECK120010302";"1---81";"42---122"
"BBa_J70615";"ECK120010302";"14---61";"1---48"
"BBa_J70617";"ECK120010302";"14---62";"1---49"
"BBa_J70619";"ECK120010302";"14---61";"1---47"
"BBa_J72163";"ECK120010125";"38---1";"1---38"
"BBa_J72163";"ECK120011001";"1---81";"50---130"
"BBa_K085005";"ECK120010042";"1---81";"79---159"
"BBa_K088007";"ECK125236306";"19---56";"1---38"
"BBa_K090501";"ECK120010130";"54---81";"74---101"
"BBa_K091100";"ECK120010130";"53---81";"39---67"
"BBa_K091101";"ECK120010130";"53---81";"48---76"
"BBa_K091104";"ECK120010130";"45---81";"43---80"
"BBa_K091106";"ECK120015409";"1---54";"47---100"
"BBa_K091110";"ECK120010291";"7---62";"1---56"
"BBa_K091111";"ECK120010291";"7---62";"1---56"
"BBa_K091112";"ECK120010291";"32---62";"26---56"
"BBa_K091114";"ECK120015409";"1---81";"159---239"
"BBa_K091114";"ECK120034947";"76---1";"1---76"
"BBa_K091115";"ECK120034947";"64---1";"1---64"
"BBa_K091116";"ECK120015409";"1---80";"47---126"
"BBa_K091215";"ECK120010291";"62---32";"1---31"
"BBa_K094140";"ECK120010291";"9---81";"1---73"
"BBa_K100000";"ECK120010746";"74---1";"2---75"
"BBa_K100000";"ECK120010754";"1---81";"217---297"
"BBa_K100001";"ECK120010746";"74---1";"2---75"
"BBa_K100001";"ECK120010754";"1---81";"217---297"
"BBa_K100002";"ECK120010746";"74---1";"2---75"
"BBa_K100002";"ECK120010754";"1---81";"217---297"
"BBa_K100003";"ECK120010746";"74---1";"2---75"
"BBa_K100003";"ECK120010754";"1---81";"217---297"
"BBa_K101001";"ECK120010042";"11---50";"1---40"
"BBa_K101017";"ECK120034339";"1---52";"261---312"
"BBa_K1015005";"ECK120010108";"1---71";"225---295"
"BBa_K1015005";"ECK120010988";"81---1";"99---179"
"BBa_K103022";"ECK120010042";"1---81";"30---110"
"BBa_K1051400";"ECK120010410";"1---81";"124---204"
"BBa_K1051400";"ECK120010411";"1---81";"45---125"
"BBa_K1051401";"ECK120010410";"1---61";"124---184"
"BBa_K1051401";"ECK120010411";"1---81";"45---125"
"BBa_K1051402";"ECK120010403";"1---81";"98---178"
"BBa_K1051404";"ECK120010260";"1---81";"138---218"
"BBa_K1051404";"ECK120010550";"1---81";"13---93"
"BBa_K1051404";"ECK125230985";"1---81";"404---484"
"BBa_K1051405";"ECK120010550";"1---81";"13---93"
"BBa_K1051405";"ECK125230980";"1---63";"136---198"
"BBa_K1070002";"ECK120010108";"1---74";"52---124"
"BBa_K1070003";"ECK120010108";"1---74";"52---124"
"BBa_K1070005";"ECK120010108";"1---74";"48---120"
"BBa_K1070007";"ECK120010108";"1---74";"50---122"
"BBa_K1086000";"ECK120010262";"9---61";"25---77"
"BBa_K1088054";"ECK120010042";"1---81";"30---110"
"BBa_K1096003";"ECK125238033";"3---71";"1---70"
"BBa_K1096004";"ECK120015409";"1---76";"22---97"
"BBa_K1104201";"ECK120009945";"1---81";"16---96"
"BBa_K1104202";"ECK120029524";"1---81";"14---94"
"BBa_K1104204";"ECK120010147";"1---81";"370---450"
"BBa_K1104204";"ECK120051394";"81---1";"289---369"
"BBa_K1104204";"ECK120051395";"1---81";"142---222"
"BBa_K1104205";"ECK120051395";"1---81";"142---222"
"BBa_K1104206";"ECK120010147";"1---81";"86---166"
"BBa_K1104206";"ECK120051394";"81---1";"5---85"
"BBa_K1104207";"ECK120010147";"1---81";"25---105"
"BBa_K1104208";"ECK120051394";"81---1";"5---85"
"BBa_K1104208";"ECK125236244";"1---38";"83---120"
"BBa_K1111001";"ECK120010541";"1---81";"269---349"
"BBa_K1111001";"ECK120010606";"81---1";"44---124"
"BBa_K1111003";"ECK120010564";"1---81";"346---426"
"BBa_K1112000";"ECK120011027";"1---81";"1---81"
"BBa_K1114023";"ECK120010108";"1---74";"56---128"
"BBa_K1114024";"ECK120010108";"1---74";"56---128"
"BBa_K1114032";"ECK120010108";"1---74";"56---128"
"BBa_K1114034";"ECK120010042";"1---81";"83---163"
"BBa_K112118";"ECK120009865";"1---81";"339---419"
"BBa_K112118";"ECK125239882";"10---81";"1---72"
"BBa_K112148";"ECK120010742";"1---81";"1---81"
"BBa_K1122683";"ECK120010042";"1---81";"238---318"
"BBa_K1122684";"ECK120010042";"1---81";"238---318"
"BBa_K1122685";"ECK120010042";"1---81";"238---318"
"BBa_K112318";"ECK120010471";"1---81";"314---394"
"BBa_K112318";"ECK120027939";"1---81";"229---309"
"BBa_K112318";"ECK125203430";"81---1";"130---210"
"BBa_K112319";"ECK120010260";"1---81";"44---124"
"BBa_K112319";"ECK125230985";"1---81";"310---390"
"BBa_K112320";"ECK120009884";"1---81";"243---323"
"BBa_K112320";"ECK125230988";"1---81";"642---722"
"BBa_K112400";"ECK120010367";"1---79";"20---98"
"BBa_K112401";"ECK120011019";"1---81";"130---210"
"BBa_K112402";"ECK120011031";"1---81";"19---99"
"BBa_K112405";"ECK120010564";"1---75";"296---370"
"BBa_K112407";"ECK125137521";"81---1";"318---398"
"BBa_K112701";"ECK125136838";"81---1";"32---112"
"BBa_K112701";"ECK125237003";"1---81";"542---622"
"BBa_K112708";"ECK120010999";"1---81";"116---196"
"BBa_K1132005";"ECK125137991";"1---81";"149---229"
"BBa_K1132006";"ECK125137991";"1---81";"149---229"
"BBa_K1132007";"ECK125137991";"1---81";"149---229"
"BBa_K1132008";"ECK120010573";"1---81";"306---386"
"BBa_K1132008";"ECK125137991";"1---81";"149---229"
"BBa_K1132042";"ECK125137991";"1---81";"149---229"
"BBa_K1139200";"ECK120011010";"1---81";"1---81"
"BBa_K1145004";"ECK120015409";"1---81";"22---102"
"BBa_K1153000";"ECK120010021";"1---81";"104---184"
"BBa_K1153000";"ECK120029473";"81---1";"12---92"
"BBa_K1155000";"ECK120010216";"1---66";"46---111"
"BBa_K1155004";"ECK120011007";"1---81";"125---205"
"BBa_K1155005";"ECK120011005";"1---81";"21---101"
"BBa_K1155006";"ECK120011006";"1---81";"106---186"
"BBa_K1155006";"ECK120015955";"7---81";"1---75"
"BBa_K116001";"ECK120009983";"1---81";"43---123"
"BBa_K116001";"ECK120010251";"1---81";"184---264"
"BBa_K1163101";"ECK120010987";"1---81";"165---245"
"BBa_K1163104";"ECK120010299";"81---1";"108---188"
"BBa_K1163107";"ECK120010299";"1---81";"113---193"
"BBa_K1163110";"ECK120034225";"1---81";"161---241"
"BBa_K1163110";"ECK125136954";"81---31";"250---300"
"BBa_K1163400";"ECK120010987";"1---81";"165---245"
"BBa_K116401";"ECK120011011";"1---81";"401---481"
"BBa_K116401";"ECK120033029";"81---1";"317---397"
"BBa_K116500";"ECK120011008";"1---60";"67---126"
"BBa_K1170000";"ECK120009899";"1---81";"93---173"
"BBa_K117005";"ECK120010042";"1---81";"79---159"
"BBa_K1172916";"ECK120010042";"1---81";"79---159"
"BBa_K1172916";"ECK120010130";"47---81";"210---244"
"BBa_K118011";"ECK120010100";"1---81";"51---131"
"BBa_K119000";"ECK120010040";"40---76";"1---37"
"BBa_K119001";"ECK120010040";"40---76";"1---37"
"BBa_K119002";"ECK120032986";"81---48";"50---83"
"BBa_K120023";"ECK125240060";"1---81";"52---132"
"BBa_K121011";"ECK120010042";"1---81";"84---164"
"BBa_K1214007";"ECK120010219";"1---81";"19---99"
"BBa_K1231000";"ECK120009899";"1---81";"32---112"
"BBa_K1231001";"ECK120010708";"1---81";"180---260"
"BBa_K1231003";"ECK120009899";"1---81";"32---112"
"BBa_K1231003";"ECK120010328";"13---57";"164---208"
"BBa_K1231004";"ECK120009899";"1---81";"32---112"
"BBa_K1231004";"ECK120010328";"13---57";"164---208"
"BBa_K1231005";"ECK120009899";"1---81";"32---112"
"BBa_K1231005";"ECK120010328";"13---57";"164---208"
"BBa_K1316002";"ECK125137645";"1---81";"118---198"
"BBa_K1342004";"ECK120015956";"1---81";"1---81"
"BBa_K1342005";"ECK120015956";"1---81";"1---81"
"BBa_K1349003";"ECK120009908";"1---63";"9---71"
"BBa_K135000";"ECK120015953";"7---61";"1---55"
"BBa_K136006";"ECK120016580";"81---1";"10---90"
"BBa_K136008";"ECK120016702";"1---81";"93---173"
"BBa_K136009";"ECK120010634";"1---81";"67---147"
"BBa_K136010";"ECK120010568";"1---81";"233---313"
"BBa_K1373010";"ECK120010220";"1---81";"62---142"
"BBa_K1387005";"ECK120009900";"1---81";"159---237"
"BBa_K1387005";"ECK120010004";"81---1";"19---98"
"BBa_K1398005";"ECK125137033";"81---1";"90---170"
"BBa_K1401007";"ECK120010108";"1---61";"311---371"
"BBa_K1401007";"ECK120010988";"81---1";"185---265"
"BBa_K1401008";"ECK120010108";"1---61";"230---290"
"BBa_K1401008";"ECK120010988";"81---1";"104---184"
"BBa_K1402008";"ECK120009999";"1---60";"1---60"
"BBa_K1402009";"ECK120010355";"1---60";"1---60"
"BBa_K1407099";"ECK120011019";"1---81";"139---219"
"BBa_K1424002";"ECK120010042";"1---81";"84---164"
"BBa_K1437004";"ECK120010131";"41---81";"1---41"
"BBa_K1444000";"ECK120010042";"1---81";"324---404"
"BBa_K1444015";"ECK120010042";"1---81";"324---404"
"BBa_K1486046";"ECK120010879";"81---1";"12---92"
"BBa_K1486047";"ECK120010879";"1---81";"55---135"
"BBa_K1500999";"ECK120010992";"1---81";"90---170"
"BBa_K1500999";"ECK125137433";"81---1";"16---96"
"BBa_K1510001";"ECK120010130";"26---81";"17---72"
"BBa_K1510020";"ECK120009899";"1---81";"22---102"
"BBa_K1585100";"ECK120010130";"54---81";"44---71"
"BBa_K1585101";"ECK120010130";"54---81";"44---71"
"BBa_K1585102";"ECK120010130";"54---81";"44---71"
"BBa_K1585103";"ECK120010130";"54---81";"44---71"
"BBa_K1585104";"ECK120010130";"54---81";"44---71"
"BBa_K1585105";"ECK120010130";"54---81";"44---71"
"BBa_K1585106";"ECK120010130";"54---81";"44---71"
"BBa_K1585110";"ECK120010130";"54---81";"44---71"
"BBa_K1585113";"ECK120010130";"54---81";"44---71"
"BBa_K1585115";"ECK120010130";"54---81";"44---71"
"BBa_K1585116";"ECK120010130";"54---81";"44---71"
"BBa_K1585117";"ECK120010130";"54---81";"44---71"
"BBa_K1585118";"ECK120010130";"54---81";"44---71"
"BBa_K1585119";"ECK120010130";"54---81";"44---71"
"BBa_K1585999";"ECK120010130";"54---81";"1---28"
"BBa_K1592020";"ECK120010144";"1---81";"1---81"
"BBa_K1592021";"ECK120010144";"1---81";"1---81"
"BBa_K1592022";"ECK120010144";"1---81";"1---81"
"BBa_K1593207";"ECK120010351";"1---81";"214---294"
"BBa_K1593207";"ECK120010572";"81---1";"57---137"
"BBa_K1593208";"ECK120010261";"81---1";"152---232"
"BBa_K1632000";"ECK125240283";"77---1";"50---126"
"BBa_K1632001";"ECK120010667";"1---73";"6---78"
"BBa_K1632001";"ECK125240283";"1---81";"345---425"
"BBa_K1632004";"ECK125240283";"77---1";"50---126"
"BBa_K1632005";"ECK120010667";"1---81";"6---86"
"BBa_K1632005";"ECK125240283";"1---81";"295---375"
"BBa_K1632006";"ECK120010042";"1---81";"417---497"
"BBa_K1632006";"ECK125240283";"77---1";"50---126"
"BBa_K1638000";"ECK120010042";"1---81";"30---110"
"BBa_K1673304";"ECK120010238";"26---72";"4---50"
"BBa_K1682002";"ECK120010129";"1---60";"19---78"
"BBa_K1682003";"ECK120010129";"1---60";"19---78"
"BBa_K1682004";"ECK120010129";"1---60";"19---78"
"BBa_K1682012";"ECK120011010";"1---81";"1---81"
"BBa_K175008";"ECK120010042";"1---81";"79---159"
"BBa_K1766001";"ECK125236690";"1---81";"98---178"
"BBa_K1799000";"ECK120015409";"1---80";"23---102"
"BBa_K1799015";"ECK120033252";"1---60";"41---100"
"BBa_K182102";"ECK120010130";"54---81";"47---74"
"BBa_K1847007";"ECK120010666";"1---29";"46---74"
"BBa_K1847008";"ECK120010666";"1---29";"46---74"
"BBa_K1847009";"ECK120010666";"1---29";"46---74"
"BBa_K1847010";"ECK120010130";"25---81";"72---128"
"BBa_K1847010";"ECK120010666";"1---28";"46---73"
"BBa_K1847011";"ECK120010130";"25---81";"72---128"
"BBa_K1847011";"ECK120010666";"1---28";"46---73"
"BBa_K1847012";"ECK120010130";"25---81";"1---57"
"BBa_K1847013";"ECK120010130";"25---81";"1---57"
"BBa_K1895002";"ECK120010272";"1---81";"5---85"
"BBa_K1895002";"ECK120010273";"1---81";"80---160"
"BBa_K1895003";"ECK120010296";"1---81";"201---281"
"BBa_K1897037";"ECK120010666";"1---81";"46---126"
"BBa_K190015";"ECK120010685";"1---60";"12---71"
"BBa_K190016";"ECK120010036";"1---63";"7---69"
"BBa_K190017";"ECK120009947";"23---65";"1---43"
"BBa_K190022";"ECK120010036";"1---81";"7---87"
"BBa_K190023";"ECK120010685";"1---70";"12---81"
"BBa_K190024";"ECK125231063";"1---69";"3---71"
"BBa_K191007";"ECK120010144";"1---81";"1---81"
"BBa_K1913008";"ECK125239881";"1---81";"237---317"
"BBa_K1913023";"ECK120010140";"17---61";"85---129"
"BBa_K1945007";"ECK120010130";"42---81";"54---93"
"BBa_K1949000";"ECK120010399";"1---81";"46---126"
"BBa_K1949000";"ECK125239387";"1---46";"261---306"
"BBa_K1950000";"ECK120010130";"40---81";"15---56"
"BBa_K1954009";"ECK125095435";"68---1";"1---63"
"BBa_K1968021";"ECK120010130";"42---81";"58---97"
"BBa_K1980004";"ECK120009908";"1---65";"34---98"
"BBa_K1980006";"ECK120010641";"2---59";"499---556"
"BBa_K1981101";"ECK120015409";"1---81";"160---240"
"BBa_K1981101";"ECK120034947";"76---1";"2---77"
"BBa_K1987030";"ECK120034372";"81---1";"73---153"
"BBa_K1987030";"ECK125138040";"1---81";"230---310"
"BBa_K1987030";"ECK125240218";"40---1";"1---40"
"BBa_K1987032";"ECK120010391";"1---81";"6---86"
"BBa_K1987032";"ECK125239087";"1---81";"157---237"
"BBa_K1987038";"ECK120034401";"81---1";"7---87"
"BBa_K1987038";"ECK125136407";"1---74";"80---153"
"BBa_K1987042";"ECK120010737";"1---81";"46---126"
"BBa_K199017";"ECK120010573";"1---81";"5---85"
"BBa_K199018";"ECK120010573";"1---81";"5---85"
"BBa_K199106";"ECK120010328";"13---61";"1---49"
"BBa_K1994034";"ECK120010212";"10---61";"6---58"
"BBa_K2026001";"ECK120010879";"1---81";"39---119"
"BBa_K2029014";"ECK120010042";"1---81";"79---159"
"BBa_K2029016";"ECK120010042";"1---81";"80---160"
"BBa_K2029016";"ECK125137487";"1---81";"393---473"
"BBa_K2042004";"ECK120010130";"40---81";"19---60"
"BBa_K206000";"ECK120010108";"1---74";"52---124"
"BBa_K206001";"ECK120010108";"1---74";"52---124"
"BBa_K2066544";"ECK120010268";"22---51";"1---30"
"BBa_K2070012";"ECK120010138";"1---81";"117---197"
"BBa_K208010";"ECK120010042";"1---81";"79---159"
"BBa_K2088001";"ECK120009946";"81---1";"36---116"
"BBa_K2088001";"ECK120010641";"1---81";"158---238"
"BBa_K2116002";"ECK120010021";"1---71";"225---295"
"BBa_K2116002";"ECK120029473";"81---1";"133---213"
"BBa_K2116004";"ECK120010021";"1---71";"225---295"
"BBa_K2116004";"ECK120029473";"81---1";"133---213"
"BBa_K2116005";"ECK120010021";"1---71";"225---295"
"BBa_K2116005";"ECK120029473";"81---1";"133---213"
"BBa_K2116006";"ECK120010021";"1---71";"225---295"
"BBa_K2116006";"ECK120029473";"81---1";"133---213"
"BBa_K2116007";"ECK120010021";"1---71";"225---295"
"BBa_K2116007";"ECK120029473";"81---1";"133---213"
"BBa_K2116008";"ECK120010021";"1---71";"225---295"
"BBa_K2116008";"ECK120029473";"81---1";"133---213"
"BBa_K2116011";"ECK120010021";"1---71";"224---294"
"BBa_K2116011";"ECK120029473";"66---1";"147---212"
"BBa_K2116012";"ECK120010021";"1---61";"225---285"
"BBa_K2116012";"ECK120029473";"81---1";"133---213"
"BBa_K2116013";"ECK120010021";"1---61";"225---285"
"BBa_K2116013";"ECK120029473";"81---1";"133---213"
"BBa_K2116014";"ECK120010021";"25---71";"249---295"
"BBa_K2116014";"ECK120029473";"81---1";"133---213"
"BBa_K2116015";"ECK120010021";"1---61";"225---285"
"BBa_K2116015";"ECK120029473";"81---1";"133---213"
"BBa_K2116027";"ECK120010021";"1---58";"244---301"
"BBa_K2116027";"ECK120029473";"81---3";"151---229"
"BBa_K2116038";"ECK120010021";"1---71";"225---295"
"BBa_K2116038";"ECK120029473";"81---1";"133---213"
"BBa_K2116039";"ECK120010021";"1---71";"225---295"
"BBa_K2116039";"ECK120029473";"81---1";"133---213"
"BBa_K2116040";"ECK120010021";"1---71";"225---295"
"BBa_K2116040";"ECK120029473";"81---1";"133---213"
"BBa_K2116048";"ECK120010021";"1---58";"244---301"
"BBa_K2116048";"ECK120029473";"81---3";"151---229"
"BBa_K2116067";"ECK120010021";"1---61";"225---285"
"BBa_K2116067";"ECK120029473";"81---1";"133---213"
"BBa_K216005";"ECK120033252";"1---60";"41---100"
"BBa_K2170221";"ECK125236733";"1---51";"159---209"
"BBa_K2194002";"ECK120010270";"1---81";"112---192"
"BBa_K220004";"ECK120010369";"1---81";"62---142"
"BBa_K220004";"ECK120010370";"1---81";"218---298"
"BBa_K220004";"ECK125238304";"1---81";"499---579"
"BBa_K2201020";"ECK120010130";"1---81";"27---107"
"BBa_K2201105";"ECK120010616";"1---60";"34---93"
"BBa_K2217017";"ECK120010040";"70---40";"1---31"
"BBa_K223041";"ECK120010261";"17---78";"23---84"
"BBa_K223051";"ECK120034213";"81---1";"39---119"
"BBa_K2244012";"ECK120010238";"1---31";"12---42"
"BBa_K2272001";"ECK120011020";"1---81";"30---110"
"BBa_K2275005";"ECK120033252";"1---60";"41---100"
"BBa_K2275006";"ECK120033252";"1---60";"41---100"
"BBa_K2280004";"ECK125240283";"77---1";"55---131"
"BBa_K2282003";"ECK120010399";"15---53";"1---39"
"BBa_K2287001";"ECK120010268";"1---76";"130---205"
"BBa_K2287001";"ECK125137946";"81---1";"44---127"
"BBa_K2287002";"ECK120010230";"1---69";"124---192"
"BBa_K2287003";"ECK120009852";"1---70";"263---332"
"BBa_K2308014";"ECK120010291";"11---81";"1---71"
"BBa_K2314212";"ECK120015408";"1---81";"66---146"
"BBa_K2348000";"ECK125137639";"1---81";"317---397"
"BBa_K2348000";"ECK125137641";"2---81";"134---213"
"BBa_K2348000";"ECK125238652";"1---81";"237---317"
"BBa_K2348001";"ECK120009899";"1---81";"32---112"
"BBa_K2348003";"ECK125137639";"1---81";"317---397"
"BBa_K2348003";"ECK125137641";"2---81";"134---213"
"BBa_K2348003";"ECK125238652";"1---81";"237---317"
"BBa_K2358000";"ECK120011038";"1---81";"14---94"
"BBa_K2372007";"ECK120010264";"1---66";"57---122"
"BBa_K2377014";"ECK120010765";"1---78";"124---201"
"BBa_K2377014";"ECK120010766";"51---1";"1---51"
"BBa_K238000";"ECK125109145";"1---81";"270---350"
"BBa_K238000";"ECK125136804";"81---1";"171---251"
"BBa_K238000";"ECK125158027";"81---1";"64---144"
"BBa_K238013";"ECK125109145";"1---81";"4---84"
"BBa_K239001";"ECK125237441";"1---81";"53---133"
"BBa_K239002";"ECK120010518";"1---61";"100---160"
"BBa_K239003";"ECK120010518";"1---61";"100---158"
"BBa_K239004";"ECK120011005";"10---61";"1---52"
"BBa_K239005";"ECK120011006";"1---60";"80---139"
"BBa_K239005";"ECK120015955";"33---81";"1---49"
"BBa_K239006";"ECK120011006";"1---60";"30---89"
"BBa_K239007";"ECK120010456";"1---60";"300---359"
"BBa_K2398004";"ECK120009905";"81---1";"54---134"
"BBa_K2398024";"ECK120009905";"81---1";"50---130"
"BBa_K2398024";"ECK120009907";"63---22";"182---223"
"BBa_K2442000";"ECK120015409";"1---76";"22---97"
"BBa_K2442002";"ECK120015409";"1---81";"22---102"
"BBa_K2442101";"ECK120010108";"1---74";"228---301"
"BBa_K2442101";"ECK120010988";"81---1";"102---182"
"BBa_K2448017";"ECK120010219";"1---81";"93---173"
"BBa_K2448017";"ECK125137272";"81---1";"17---97"
"BBa_K2467001";"ECK120010369";"1---81";"1---81"
"BBa_K2467001";"ECK120010370";"1---81";"157---237"
"BBa_K2467004";"ECK120010369";"1---81";"1---81"
"BBa_K2467004";"ECK120010370";"1---81";"157---237"
"BBa_K2477012";"ECK120010641";"20---60";"1---41"
"BBa_K2479000";"ECK120009901";"81---1";"9---89"
"BBa_K2479000";"ECK120033032";"1---81";"165---245"
"BBa_K248000";"ECK120011010";"11---81";"1---71"
"BBa_K2491101";"ECK120010245";"16---62";"7---53"
"BBa_K2505006";"ECK120010257";"1---81";"261---341"
"BBa_K2505006";"ECK120034261";"81---1";"21---101"
"BBa_K2512002";"ECK120011011";"1---81";"401---481"
"BBa_K2512002";"ECK120033029";"81---1";"317---397"
"BBa_K252000";"ECK120010042";"1---81";"79---159"
"BBa_K252002";"ECK120010042";"1---81";"79---159"
"BBa_K252003";"ECK125238417";"1---81";"6---86"
"BBa_K252004";"ECK120030789";"32---1";"1---32"
"BBa_K252009";"ECK125236690";"81---1";"33---113"
"BBa_K256000";"ECK120010021";"81---1";"17---97"
"BBa_K256000";"ECK120029473";"1---78";"109---186"
"BBa_K257000";"ECK120010548";"1---81";"11---91"
"BBa_K259007";"ECK120010108";"1---60";"281---340"
"BBa_K259007";"ECK120010988";"81---1";"148---235"
"BBa_K283004";"ECK120010042";"1---81";"79---159"
"BBa_K283018";"ECK120010377";"1---81";"6---86"
"BBa_K283031";"ECK120010377";"1---81";"6---86"
"BBa_K284027";"ECK125135055";"81---1";"94---174"
"BBa_K284027";"ECK125137719";"14---81";"20---87"
"BBa_K301000";"ECK120010130";"42---81";"22---61"
"BBa_K310000";"ECK120035129";"75---1";"1---75"
"BBa_K310003";"ECK125236690";"1---81";"63---143"
"BBa_K310004";"ECK125236690";"1---81";"63---143"
"BBa_K310017";"ECK120010089";"81---1";"102---182"
"BBa_K310024";"ECK120010042";"1---81";"141---221"
"BBa_K310025";"ECK120010042";"1---81";"79---159"
"BBa_K310027";"ECK120010042";"1---81";"79---159"
"BBa_K316000";"ECK120010130";"81---50";"25---57"
"BBa_K318512";"ECK120010708";"1---81";"180---260"
"BBa_K319020";"ECK120010130";"54---81";"84---111"
"BBa_K319021";"ECK120010130";"54---81";"83---110"
"BBa_K319023";"ECK120010130";"50---81";"80---110"
"BBa_K319024";"ECK120010130";"54---81";"84---111"
"BBa_K319025";"ECK120010130";"54---81";"84---111"
"BBa_K319027";"ECK120010130";"54---81";"84---111"
"BBa_K319028";"ECK120010130";"54---81";"84---111"
"BBa_K319030";"ECK120010130";"54---81";"83---110"
"BBa_K319031";"ECK120010130";"54---81";"83---110"
"BBa_K322115";"ECK120011010";"1---81";"61---141"
"BBa_K328000";"ECK120010399";"1---81";"90---170"
"BBa_K328001";"ECK120010400";"1---81";"141---221"
"BBa_K328003";"ECK125239386";"11---81";"1---71"
"BBa_K328004";"ECK125239386";"24---81";"1---58"
"BBa_K338001";"ECK120010367";"1---79";"20---98"
"BBa_K338002";"ECK120010367";"1---79";"20---98"
"BBa_K339006";"ECK120010879";"1---81";"55---134"
"BBa_K339010";"ECK120009900";"1---81";"159---237"
"BBa_K339010";"ECK120010004";"81---1";"19---98"
"BBa_K342000";"ECK120010479";"1---61";"10---70"
"BBa_K342003";"ECK125239249";"1---81";"159---239"
"BBa_K360023";"ECK120010144";"21---69";"1---49"
"BBa_K360041";"ECK125109145";"23---72";"1---50"
"BBa_K362000";"ECK120015959";"81---1";"229---309"
"BBa_K362002";"ECK120010234";"1---81";"402---482"
"BBa_K362006";"ECK120010995";"1---81";"242---322"
"BBa_K362006";"ECK125165406";"1---81";"317---397"
"BBa_K367007";"ECK120010548";"1---81";"1---81"
"BBa_K367009";"ECK120010548";"1---81";"1---81"
"BBa_K376002";"ECK120009898";"2---61";"19---79"
"BBa_K387001";"ECK120010549";"1---81";"4---84"
"BBa_K387003";"ECK120011038";"1---81";"14---94"
"BBa_K387004";"ECK120010549";"1---81";"641---721"
"BBa_K395301";"ECK120010140";"23---61";"25---63"
"BBa_K395302";"ECK120010140";"21---61";"29---69"
"BBa_K395303";"ECK120010140";"27---61";"25---59"
"BBa_K398326";"ECK120010686";"9---59";"1---51"
"BBa_K427000";"ECK120010108";"74---1";"7---79"
"BBa_K518010";"ECK120010143";"21---72";"1---52"
"BBa_K518011";"ECK120015765";"26---73";"1---48"
"BBa_K523005";"ECK120010042";"1---81";"238---318"
"BBa_K540001";"ECK120032985";"1---81";"250---330"
"BBa_K540001";"ECK120032986";"81---21";"366---426"
"BBa_K541504";"ECK120010042";"1---81";"79---159"
"BBa_K549004";"ECK120010042";"1---81";"79---159"
"BBa_K549005";"ECK120010042";"1---81";"79---159"
"BBa_K549012";"ECK120010685";"1---81";"43---123"
"BBa_K549038";"ECK120032985";"13---81";"1---69"
"BBa_K549038";"ECK120032986";"81---1";"105---185"
"BBa_K554000";"ECK120010261";"17---78";"1---62"
"BBa_K562000";"ECK125137937";"1---81";"8---88"
"BBa_K564006";"ECK125236162";"74---1";"1---74"
"BBa_K564019";"ECK125236162";"74---1";"1---74"
"BBa_K588001";"ECK120010144";"21---69";"1---49"
"BBa_K611021";"ECK120010130";"1---81";"113---193"
"BBa_K611022";"ECK120010130";"1---81";"113---193"
"BBa_K611023";"ECK120010130";"1---81";"113---193"
"BBa_K611024";"ECK120010130";"1---81";"113---193"
"BBa_K611025";"ECK120010042";"1---81";"79---159"
"BBa_K611026";"ECK120010042";"1---80";"79---158"
"BBa_K611027";"ECK120010042";"1---81";"79---159"
"BBa_K613000";"ECK120010130";"22---81";"1---60"
"BBa_K622005";"ECK120010268";"1---52";"92---143"
"BBa_K622005";"ECK125137946";"81---1";"9---89"
"BBa_K629001";"ECK120011019";"1---81";"6---86"
"BBa_K629002";"ECK120015765";"1---81";"32---112"
"BBa_K639002";"ECK120009865";"1---81";"329---409"
"BBa_K639002";"ECK125239882";"20---81";"1---62"
"BBa_K641003";"ECK125095203";"1---81";"130---210"
"BBa_K641003";"ECK125239645";"1---81";"58---138"
"BBa_K641011";"ECK120010369";"1---81";"367---447"
"BBa_K641011";"ECK120010370";"1---81";"523---603"
"BBa_K641012";"ECK120010152";"1---81";"368---448"
"BBa_K641012";"ECK120034270";"81---1";"182---262"
"BBa_K641014";"ECK120010778";"1---81";"354---434"
"BBa_K641017";"ECK125137258";"1---81";"461---541"
"BBa_K641017";"ECK125237807";"1---81";"571---651"
"BBa_K641020";"ECK120010103";"1---81";"198---278"
"BBa_K641020";"ECK125145773";"1---81";"298---378"
"BBa_K641021";"ECK120010400";"1---81";"292---372"
"BBa_K641021";"ECK125239387";"1---81";"456---536"
"BBa_K641022";"ECK125136712";"81---1";"14---94"
"BBa_K641022";"ECK125136713";"81---1";"139---219"
"BBa_K641023";"ECK125136996";"81---1";"176---256"
"BBa_K641023";"ECK125136997";"81---1";"251---331"
"BBa_K641023";"ECK125136998";"81---1";"95---175"
"BBa_K641025";"ECK125095203";"1---81";"135---215"
"BBa_K641025";"ECK125239645";"1---81";"63---143"
"BBa_K641030";"ECK125239802";"1---81";"358---438"
"BBa_K641031";"ECK120016587";"1---81";"331---411"
"BBa_K641032";"ECK125136531";"1---81";"267---347"
"BBa_K641034";"ECK120010051";"78---1";"5---82"
"BBa_K641034";"ECK120010767";"1---81";"131---211"
"BBa_K641034";"ECK125239350";"1---81";"303---383"
"BBa_K641037";"ECK120034206";"1---81";"154---234"
"BBa_K641038";"ECK120010132";"81---1";"73---153"
"BBa_K641038";"ECK120010133";"1---81";"305---385"
"BBa_K641040";"ECK120010205";"1---81";"266---346"
"BBa_K641041";"ECK120027918";"1---81";"414---494"
"BBa_K649100";"ECK120015409";"1---76";"22---97"
"BBa_K656000";"ECK120010131";"1---74";"22---95"
"BBa_K656001";"ECK120010143";"24---81";"1---58"
"BBa_K660616";"ECK120010108";"1---74";"52---124"
"BBa_K676003";"ECK120010608";"1---81";"1---81"
"BBa_K737023";"ECK120011011";"1---76";"17---92"
"BBa_K737026";"ECK120010396";"1---81";"78---158"
"BBa_K737067";"ECK120010573";"1---81";"14---94"
"BBa_K774000";"ECK120033252";"1---61";"41---101"
"BBa_K774001";"ECK120033252";"1---60";"149---208"
"BBa_K778000";"ECK120010211";"1---76";"83---158"
"BBa_K778000";"ECK120010212";"37---1";"1---37"
"BBa_K783046";"ECK120010042";"1---81";"79---159"
"BBa_K812056";"ECK120010042";"1---81";"102---182"
"BBa_K817050";"ECK120033261";"9---55";"1---47"
"BBa_K819002";"ECK120011019";"1---81";"1---81"
"BBa_K819017";"ECK120010143";"1---81";"1---81"
"BBa_K822000";"ECK120010666";"1---81";"175---255"
"BBa_K845001";"ECK120010108";"1---81";"331---411"
"BBa_K845001";"ECK120010988";"81---1";"205---285"
"BBa_K847210";"ECK125239735";"1---77";"157---232"
"BBa_K847211";"ECK120010138";"1---81";"117---197"
"BBa_K847212";"ECK120034339";"22---81";"1---60"
"BBa_K847213";"ECK125141559";"9---60";"8---59"
"BBa_K851002";"ECK120010108";"1---61";"226---286"
"BBa_K851002";"ECK120010988";"81---1";"100---180"
"BBa_K861060";"ECK120010152";"36---79";"33---76"
"BBa_K864400";"ECK120010130";"42---81";"22---61"
"BBa_K873002";"ECK120010058";"15---61";"1---47"
"BBa_K895000";"ECK125137937";"1---81";"8---88"
"BBa_K896008";"ECK120015956";"1---81";"1---81"
"BBa_K902065";"ECK120010141";"61---1";"1---61"
"BBa_K902065";"ECK120010264";"1---61";"180---240"
"BBa_K902073";"ECK125140756";"1---61";"155---215"
"BBa_K905000";"ECK120011007";"1---81";"324---404"
"BBa_K906007";"ECK120010108";"1---74";"226---299"
"BBa_K906007";"ECK120010988";"81---1";"100---180"
"BBa_K909010";"ECK125109145";"1---54";"4---57"
"BBa_K914003";"ECK120010264";"1---66";"57---122"
"BBa_K914017";"ECK120015415";"1---60";"31---90"
"BBa_M1610";"ECK125239563";"59---1";"1---59"
"BBa_M1634";"ECK120011005";"1---63";"1---63"
"BBa_M1674";"ECK120010041";"5---76";"1---72"
"BBa_M31370";"ECK120010130";"42---81";"22---61"
"BBa_M33001";"ECK120011005";"1---81";"40---120"
"BBa_M36021";"ECK120010666";"1---81";"175---255"
"BBa_M36051";"ECK120010131";"1---74";"22---95"
"BBa_M36137";"ECK120010130";"9---81";"134---206"
"BBa_M36138";"ECK120010130";"7---81";"154---228"
"BBa_M36156";"ECK120011036";"13---81";"1---68"
"BBa_M36245";"ECK120010564";"1---81";"1---81"
"BBa_M36356";"ECK120011007";"1---60";"91---150"
"BBa_M36411";"ECK120010040";"37---76";"1---40"
"BBa_M36527";"ECK120010130";"54---81";"82---109"
"BBa_M36699";"ECK120010987";"1---81";"95---175"
"BBa_M36783";"ECK120010708";"1---75";"180---254"
"BBa_M36987";"ECK125137311";"81---1";"105---185"
"BBa_M39007";"ECK120009897";"1---81";"18---98"
"BBa_M50014";"ECK120009908";"81---1";"101---181"
"BBa_M50018";"ECK120010058";"17---52";"1---36"
"BBa_M50038";"ECK120009909";"1---81";"7---87"
"BBa_M50115";"ECK120010637";"75---1";"1---75"
"BBa_R0010";"ECK120010042";"1---81";"79---159"
"BBa_R0080";"ECK120010108";"1---60";"90---149"
"BBa_R0080";"ECK120010988";"44---1";"1---44"
"BBa_R0081";"ECK120010988";"81---47";"148---182"
"BBa_R0082";"ECK120010573";"1---81";"14---94"
"BBa_R0083";"ECK120010140";"27---61";"44---78"
"BBa_R0083";"ECK120010572";"11---46";"1---36"
"BBa_R0084";"ECK120011008";"1---61";"48---108"
"BBa_R1074";"ECK120009865";"13---62";"1---50"
"BBa_R1075";"ECK120009865";"13---61";"1---49"
"BBa_S03331";"ECK120009845";"18---47";"1---30"
